TrendID,ProductGroupID,MarketAnalysisDate,TrendDescription,ProjectedDemand,MarketShare,CompetitorAnalysis,Region,GrowthRate,AnalystID
1,162,2023-11-20 06:09:33.946913,Increasing demand,39117,12.11,Moderate competition,Africa,11.99,41
2,374,2024-03-19 06:09:33.946930,Increasing demand,63015,5.81,Moderate competition,Europe,5.16,35
3,401,2023-12-23 06:09:33.946941,Increasing demand,33978,5.2,Moderate competition,North America,7.91,48
4,164,2023-12-24 06:09:33.946950,Increasing demand,70349,18.7,Moderate competition,South America,4.86,27
5,23,2023-11-03 06:09:33.946959,Increasing demand,88381,9.7,Moderate competition,Africa,1.85,27
6,257,2023-08-25 06:09:33.946967,Increasing demand,78974,16.11,Moderate competition,North America,4.72,25
7,249,2024-05-28 06:09:33.946976,Increasing demand,22424,15.71,Moderate competition,Europe,5.3,13
8,166,2024-03-01 06:09:33.946986,Increasing demand,88236,3.07,Moderate competition,Asia,1.94,17
9,357,2024-02-18 06:09:33.946997,Increasing demand,50492,12.71,Moderate competition,Europe,8.9,4
10,486,2023-11-13 06:09:33.947002,Increasing demand,59619,13.2,Moderate competition,North America,3.97,49
11,31,2024-05-11 06:09:33.947009,Increasing demand,72800,5.27,Moderate competition,Europe,5.53,34
12,214,2023-11-30 06:09:33.947018,Increasing demand,36530,10.6,Moderate competition,Europe,13.79,8
13,318,2023-08-22 06:09:33.947026,Increasing demand,86109,10.29,Moderate competition,Africa,4.9,15
14,174,2024-04-02 06:09:33.947032,Increasing demand,86616,9.05,Moderate competition,Africa,3.69,31
15,472,2023-09-29 06:09:33.947036,Increasing demand,54882,1.83,Moderate competition,South America,6.67,31
16,407,2023-11-03 06:09:33.947040,Increasing demand,49453,16.78,Moderate competition,Europe,14.8,15
17,87,2023-12-28 06:09:33.947045,Increasing demand,1130,12.28,Moderate competition,Europe,9.54,27
18,266,2024-05-02 06:09:33.947049,Increasing demand,14692,14.82,Moderate competition,Asia,9.24,38
19,115,2024-05-12 06:09:33.947053,Increasing demand,36137,17.34,Moderate competition,North America,9.78,28
20,27,2024-01-11 06:09:33.947057,Increasing demand,25502,10.93,Moderate competition,Europe,2.56,1
21,251,2024-02-11 06:09:33.947063,Increasing demand,21232,2.96,Moderate competition,Africa,14.98,47
22,250,2024-02-23 06:09:33.947071,Increasing demand,93984,10.7,Moderate competition,South America,14.92,13
23,271,2023-12-13 06:09:33.947079,Increasing demand,31948,17.16,Moderate competition,North America,1.78,27
24,80,2023-08-02 06:09:33.947085,Increasing demand,98835,4.73,Moderate competition,South America,7.04,25
25,341,2023-09-30 06:09:33.947090,Increasing demand,89802,16.8,Moderate competition,Asia,6.64,34
26,89,2023-11-17 06:09:33.947094,Increasing demand,30687,19.05,Moderate competition,Africa,13.4,49
27,366,2024-01-30 06:09:33.947098,Increasing demand,89430,18.42,Moderate competition,Africa,1.56,22
28,481,2024-01-10 06:09:33.947102,Increasing demand,74913,2.81,Moderate competition,South America,1.63,33
29,144,2023-10-17 06:09:33.947106,Increasing demand,74628,8.71,Moderate competition,Asia,3.27,17
30,448,2024-06-17 06:09:33.947111,Increasing demand,99055,15.46,Moderate competition,North America,6.29,28
31,440,2024-06-08 06:09:33.947114,Increasing demand,32088,14.21,Moderate competition,Africa,11.97,34
32,431,2024-01-14 06:09:33.947118,Increasing demand,1638,3.81,Moderate competition,South America,10.33,39
33,369,2023-07-15 06:09:33.947124,Increasing demand,82446,17.83,Moderate competition,South America,13.77,38
34,52,2023-11-21 06:09:33.947128,Increasing demand,27484,4.2,Moderate competition,South America,5.09,29
35,83,2023-11-01 06:09:33.947132,Increasing demand,38839,5.52,Moderate competition,Africa,8.33,39
36,341,2023-06-24 06:09:33.947136,Increasing demand,37674,14.12,Moderate competition,Europe,12.76,8
37,379,2023-07-22 06:09:33.947140,Increasing demand,60736,4.55,Moderate competition,South America,4.81,38
38,436,2023-12-09 06:09:33.947144,Increasing demand,36903,4.83,Moderate competition,North America,4.4,33
39,466,2023-08-13 06:09:33.947149,Increasing demand,21385,4.73,Moderate competition,Africa,1.31,46
40,20,2024-03-22 06:09:33.947153,Increasing demand,87301,7.25,Moderate competition,Africa,10.54,36
41,395,2024-01-03 06:09:33.947157,Increasing demand,50146,5.13,Moderate competition,North America,9.39,33
42,51,2023-08-05 06:09:33.947161,Increasing demand,81315,6.22,Moderate competition,North America,11.39,3
43,438,2023-06-22 06:09:33.947165,Increasing demand,99036,11.58,Moderate competition,Asia,11.12,47
44,138,2023-08-15 06:09:33.947169,Increasing demand,43591,19.02,Moderate competition,North America,11.55,14
45,353,2023-09-14 06:09:33.947174,Increasing demand,63664,19.51,Moderate competition,South America,14.06,14
46,448,2023-11-27 06:09:33.947178,Increasing demand,33268,9.84,Moderate competition,North America,1.21,34
47,19,2024-03-20 06:09:33.947182,Increasing demand,81394,13.78,Moderate competition,Africa,13.55,47
48,237,2024-01-04 06:09:33.947186,Increasing demand,40410,17.36,Moderate competition,Africa,6.53,10
49,44,2023-12-15 06:09:33.947190,Increasing demand,1482,15.0,Moderate competition,North America,2.93,11
50,6,2024-05-09 06:09:33.947194,Increasing demand,4924,11.06,Moderate competition,North America,8.69,8
51,223,2024-01-06 06:09:33.947198,Increasing demand,2678,1.3,Moderate competition,Africa,14.16,23
52,496,2023-12-01 06:09:33.947202,Increasing demand,79448,12.38,Moderate competition,North America,5.45,42
53,176,2023-07-27 06:09:33.947206,Increasing demand,71524,12.24,Moderate competition,Asia,8.37,14
54,103,2023-10-27 06:09:33.947210,Increasing demand,40725,12.38,Moderate competition,Asia,9.06,13
55,130,2023-08-28 06:09:33.947214,Increasing demand,64268,19.15,Moderate competition,South America,12.27,30
56,483,2024-06-13 06:09:33.947218,Increasing demand,70316,8.83,Moderate competition,Africa,3.91,18
57,353,2024-03-02 06:09:33.947222,Increasing demand,32541,3.34,Moderate competition,Europe,2.17,49
58,486,2023-12-07 06:09:33.947226,Increasing demand,39233,7.61,Moderate competition,Asia,8.05,48
59,187,2023-10-29 06:09:33.947230,Increasing demand,85455,6.07,Moderate competition,Europe,5.62,33
60,306,2023-12-24 06:09:33.947234,Increasing demand,54816,18.12,Moderate competition,Africa,7.27,32
61,224,2023-07-18 06:09:33.947238,Increasing demand,62550,7.47,Moderate competition,Europe,3.72,26
62,78,2024-03-05 06:09:33.947242,Increasing demand,74750,8.56,Moderate competition,Africa,2.67,45
63,402,2024-05-25 06:09:33.947256,Increasing demand,99792,15.25,Moderate competition,Africa,4.19,19
64,129,2023-10-15 06:09:33.947260,Increasing demand,62163,13.96,Moderate competition,Europe,10.22,4
65,490,2023-08-06 06:09:33.947264,Increasing demand,27937,4.76,Moderate competition,Africa,2.67,43
66,490,2024-05-31 06:09:33.947268,Increasing demand,79628,5.51,Moderate competition,Europe,3.32,22
67,414,2023-10-07 06:09:33.947278,Increasing demand,19945,10.96,Moderate competition,Africa,11.71,50
68,72,2024-02-09 06:09:33.947287,Increasing demand,60689,2.26,Moderate competition,Asia,13.0,39
69,439,2023-12-18 06:09:33.947296,Increasing demand,24604,1.79,Moderate competition,South America,10.94,39
70,479,2024-06-16 06:09:33.947303,Increasing demand,48256,5.29,Moderate competition,South America,4.12,19
71,307,2023-11-06 06:09:33.947308,Increasing demand,11992,9.31,Moderate competition,North America,14.75,22
72,263,2023-06-22 06:09:33.947312,Increasing demand,7786,8.8,Moderate competition,Asia,10.43,7
73,15,2023-12-14 06:09:33.947316,Increasing demand,6014,10.06,Moderate competition,North America,9.64,25
74,307,2023-08-01 06:09:33.947320,Increasing demand,22036,18.46,Moderate competition,Europe,11.92,19
75,70,2023-10-10 06:09:33.947324,Increasing demand,49117,18.7,Moderate competition,Africa,3.4,21
76,152,2023-06-19 06:09:33.947328,Increasing demand,51660,14.7,Moderate competition,Europe,9.62,18
77,438,2023-07-29 06:09:33.947332,Increasing demand,33645,1.07,Moderate competition,Asia,1.67,23
78,222,2024-04-21 06:09:33.947336,Increasing demand,90652,14.2,Moderate competition,Asia,2.49,5
79,261,2024-06-03 06:09:33.947340,Increasing demand,54444,14.9,Moderate competition,South America,10.68,48
80,11,2024-06-11 06:09:33.947344,Increasing demand,78636,9.2,Moderate competition,Africa,11.16,7
81,392,2024-01-09 06:09:33.947348,Increasing demand,45466,18.0,Moderate competition,Europe,1.09,15
82,454,2024-04-01 06:09:33.947352,Increasing demand,62089,11.76,Moderate competition,Africa,1.79,5
83,467,2023-09-10 06:09:33.947357,Increasing demand,50910,3.81,Moderate competition,Africa,7.99,37
84,256,2023-11-02 06:09:33.947361,Increasing demand,99961,6.1,Moderate competition,Africa,12.65,13
85,62,2023-06-27 06:09:33.947365,Increasing demand,6058,15.58,Moderate competition,Africa,14.99,8
86,145,2023-09-20 06:09:33.947369,Increasing demand,20097,18.06,Moderate competition,North America,12.08,31
87,297,2023-12-25 06:09:33.947374,Increasing demand,38528,3.33,Moderate competition,Europe,11.1,31
88,84,2023-07-14 06:09:33.947378,Increasing demand,3431,10.06,Moderate competition,North America,8.19,38
89,226,2023-06-28 06:09:33.947382,Increasing demand,87526,15.79,Moderate competition,Asia,4.26,12
90,480,2024-02-01 06:09:33.947386,Increasing demand,2894,18.03,Moderate competition,South America,4.93,39
91,137,2024-05-17 06:09:33.947390,Increasing demand,36279,5.92,Moderate competition,Asia,9.2,16
92,19,2023-09-17 06:09:33.947394,Increasing demand,2293,12.49,Moderate competition,Asia,13.51,2
93,342,2023-08-11 06:09:33.947398,Increasing demand,47120,12.65,Moderate competition,South America,12.26,8
94,116,2023-11-21 06:09:33.947402,Increasing demand,59237,13.05,Moderate competition,Asia,10.88,26
95,399,2024-01-17 06:09:33.947406,Increasing demand,4526,7.05,Moderate competition,North America,8.7,17
96,398,2024-01-18 06:09:33.947409,Increasing demand,17616,9.5,Moderate competition,South America,12.19,50
97,256,2023-08-19 06:09:33.947413,Increasing demand,99374,15.9,Moderate competition,North America,7.67,31
98,345,2023-10-14 06:09:33.947417,Increasing demand,42356,8.1,Moderate competition,North America,1.78,45
99,151,2023-10-29 06:09:33.947425,Increasing demand,99701,8.47,Moderate competition,Africa,3.26,16
100,433,2024-02-04 06:09:33.947433,Increasing demand,43601,10.86,Moderate competition,Asia,12.18,25
101,465,2023-09-11 06:09:33.947441,Increasing demand,74243,19.63,Moderate competition,South America,1.67,20
102,43,2023-11-10 06:09:33.947448,Increasing demand,73903,7.69,Moderate competition,Africa,10.84,1
103,86,2024-02-14 06:09:33.947452,Increasing demand,67357,10.46,Moderate competition,Asia,2.36,32
104,389,2023-09-23 06:09:33.947456,Increasing demand,46855,3.51,Moderate competition,Africa,14.47,16
105,361,2023-07-24 06:09:33.947460,Increasing demand,40795,8.58,Moderate competition,South America,8.07,15
106,429,2024-04-18 06:09:33.947464,Increasing demand,31045,10.74,Moderate competition,South America,6.91,39
107,28,2024-01-07 06:09:33.947467,Increasing demand,60973,1.22,Moderate competition,Europe,2.09,27
108,415,2023-09-11 06:09:33.947471,Increasing demand,60869,19.64,Moderate competition,Europe,12.19,32
109,13,2024-04-24 06:09:33.947475,Increasing demand,54061,12.11,Moderate competition,South America,11.94,13
110,444,2023-12-22 06:09:33.947479,Increasing demand,1713,14.44,Moderate competition,South America,13.15,8
111,296,2023-07-29 06:09:33.947483,Increasing demand,56291,6.22,Moderate competition,South America,7.89,6
112,436,2023-11-03 06:09:33.947487,Increasing demand,52755,6.86,Moderate competition,South America,14.17,34
113,121,2023-12-05 06:09:33.947491,Increasing demand,5312,16.37,Moderate competition,Asia,7.75,23
114,15,2024-03-20 06:09:33.947495,Increasing demand,26757,19.15,Moderate competition,Africa,6.02,22
115,337,2024-03-26 06:09:33.947500,Increasing demand,31484,1.59,Moderate competition,Asia,13.67,28
116,140,2024-04-15 06:09:33.947503,Increasing demand,83129,3.61,Moderate competition,Africa,9.7,38
117,368,2023-07-10 06:09:33.947507,Increasing demand,84242,0.59,Moderate competition,Africa,4.73,15
118,288,2023-06-30 06:09:33.947511,Increasing demand,30883,4.27,Moderate competition,Africa,11.2,44
119,200,2023-06-28 06:09:33.947515,Increasing demand,86041,3.34,Moderate competition,South America,11.98,27
120,313,2023-08-04 06:09:33.947519,Increasing demand,71009,15.9,Moderate competition,Asia,10.66,29
121,88,2024-01-12 06:09:33.947523,Increasing demand,25910,3.78,Moderate competition,South America,13.1,30
122,215,2024-05-27 06:09:33.947527,Increasing demand,70542,9.12,Moderate competition,Africa,12.89,44
123,61,2023-11-17 06:09:33.947531,Increasing demand,94225,13.57,Moderate competition,Asia,4.95,19
124,116,2024-02-06 06:09:33.947535,Increasing demand,6566,6.92,Moderate competition,Europe,4.41,32
125,322,2023-09-08 06:09:33.947540,Increasing demand,2340,18.62,Moderate competition,Africa,6.78,20
126,238,2023-11-21 06:09:33.947544,Increasing demand,7524,13.29,Moderate competition,Africa,7.11,13
127,220,2024-03-01 06:09:33.947649,Increasing demand,32664,2.47,Moderate competition,North America,2.36,50
128,498,2024-03-07 06:09:33.947661,Increasing demand,20478,10.85,Moderate competition,Europe,10.6,24
129,382,2023-09-19 06:09:33.947671,Increasing demand,32247,5.79,Moderate competition,Asia,9.32,37
130,272,2023-11-22 06:09:33.947683,Increasing demand,85149,19.82,Moderate competition,South America,4.65,13
131,242,2023-12-16 06:09:33.947706,Increasing demand,59619,8.22,Moderate competition,Africa,5.61,3
132,36,2024-02-18 06:09:33.947711,Increasing demand,74542,8.15,Moderate competition,Africa,2.51,28
133,403,2023-07-05 06:09:33.947717,Increasing demand,82024,17.39,Moderate competition,North America,3.66,2
134,298,2024-01-29 06:09:33.947726,Increasing demand,32264,9.11,Moderate competition,North America,1.26,7
135,36,2023-12-25 06:09:33.947731,Increasing demand,37266,7.59,Moderate competition,Africa,1.91,46
136,47,2024-05-21 06:09:33.947735,Increasing demand,52256,0.63,Moderate competition,Asia,1.94,7
137,313,2023-10-25 06:09:33.947739,Increasing demand,3354,9.05,Moderate competition,Asia,4.06,2
138,158,2024-04-07 06:09:33.947743,Increasing demand,67649,13.46,Moderate competition,South America,3.51,13
139,309,2023-08-24 06:09:33.947747,Increasing demand,18109,18.88,Moderate competition,Asia,2.07,23
140,331,2024-03-13 06:09:33.947752,Increasing demand,65092,19.36,Moderate competition,Africa,12.22,49
141,337,2023-10-04 06:09:33.947756,Increasing demand,63256,16.01,Moderate competition,Asia,3.1,8
142,397,2023-08-17 06:09:33.947763,Increasing demand,98981,18.68,Moderate competition,Europe,10.94,31
143,400,2024-04-27 06:09:33.947768,Increasing demand,41245,15.75,Moderate competition,South America,6.24,41
144,140,2023-09-29 06:09:33.947776,Increasing demand,64489,7.86,Moderate competition,Europe,14.81,38
145,106,2024-01-08 06:09:33.947785,Increasing demand,96310,3.04,Moderate competition,South America,11.88,16
146,380,2023-09-23 06:09:33.947793,Increasing demand,7512,6.83,Moderate competition,Africa,2.97,11
147,36,2023-10-11 06:09:33.947802,Increasing demand,4512,11.47,Moderate competition,South America,7.62,28
148,30,2023-12-01 06:09:33.947810,Increasing demand,46965,4.33,Moderate competition,Africa,7.79,27
149,441,2024-03-25 06:09:33.947815,Increasing demand,61132,13.51,Moderate competition,Africa,2.59,35
150,81,2023-10-19 06:09:33.947824,Increasing demand,74280,11.38,Moderate competition,Africa,11.94,34
151,309,2023-12-19 06:09:33.947832,Increasing demand,91487,15.52,Moderate competition,North America,5.26,42
152,65,2024-02-14 06:09:33.947839,Increasing demand,56630,18.37,Moderate competition,Africa,14.32,14
153,187,2023-07-09 06:09:33.947846,Increasing demand,61506,6.65,Moderate competition,South America,3.84,44
154,252,2023-07-10 06:09:33.947851,Increasing demand,79431,18.37,Moderate competition,Africa,1.6,43
155,336,2024-02-27 06:09:33.947855,Increasing demand,91015,5.82,Moderate competition,South America,4.71,48
156,130,2023-12-09 06:09:33.947859,Increasing demand,3852,2.2,Moderate competition,Asia,6.12,43
157,130,2024-05-11 06:09:33.947863,Increasing demand,68546,1.58,Moderate competition,North America,9.69,25
158,82,2024-01-23 06:09:33.947867,Increasing demand,60382,13.41,Moderate competition,North America,12.59,20
159,96,2023-11-09 06:09:33.947871,Increasing demand,59313,10.65,Moderate competition,Asia,9.88,28
160,304,2024-02-22 06:09:33.947875,Increasing demand,5275,4.1,Moderate competition,Asia,8.91,41
161,309,2023-07-26 06:09:33.947879,Increasing demand,32086,13.8,Moderate competition,Asia,5.07,28
162,131,2024-04-08 06:09:33.947883,Increasing demand,52558,0.77,Moderate competition,Europe,2.14,40
163,344,2023-09-13 06:09:33.947887,Increasing demand,74931,4.36,Moderate competition,South America,13.92,32
164,249,2023-08-10 06:09:33.947891,Increasing demand,63624,0.64,Moderate competition,North America,8.87,6
165,18,2024-01-28 06:09:33.947896,Increasing demand,5641,11.68,Moderate competition,South America,12.34,50
166,136,2024-05-16 06:09:33.947900,Increasing demand,50709,1.61,Moderate competition,South America,6.3,46
167,458,2023-09-01 06:09:33.947906,Increasing demand,77771,4.1,Moderate competition,Africa,1.85,44
168,166,2024-04-04 06:09:33.947910,Increasing demand,52932,16.93,Moderate competition,South America,7.99,41
169,24,2024-03-12 06:09:33.947919,Increasing demand,57021,2.16,Moderate competition,North America,9.79,19
170,272,2024-05-15 06:09:33.947923,Increasing demand,76224,13.69,Moderate competition,Africa,14.96,46
171,188,2023-09-12 06:09:33.947927,Increasing demand,33632,9.64,Moderate competition,Asia,8.39,25
172,95,2023-08-30 06:09:33.947932,Increasing demand,51632,4.45,Moderate competition,North America,13.06,36
173,153,2024-04-12 06:09:33.947936,Increasing demand,77816,11.01,Moderate competition,Asia,11.73,48
174,47,2023-09-13 06:09:33.947941,Increasing demand,3994,8.81,Moderate competition,Asia,2.5,9
175,381,2024-06-09 06:09:33.947945,Increasing demand,5797,8.01,Moderate competition,Africa,4.09,9
176,178,2023-07-15 06:09:33.947949,Increasing demand,1195,4.45,Moderate competition,North America,9.98,32
177,247,2024-06-11 06:09:33.947954,Increasing demand,59905,16.52,Moderate competition,Europe,10.29,17
178,409,2024-06-15 06:09:33.947958,Increasing demand,73327,6.64,Moderate competition,Asia,2.54,9
179,319,2023-11-23 06:09:33.947980,Increasing demand,4213,4.95,Moderate competition,Europe,6.98,40
180,377,2024-03-01 06:09:33.947990,Increasing demand,2989,8.96,Moderate competition,Africa,13.3,42
181,408,2023-09-15 06:09:33.947997,Increasing demand,41710,6.68,Moderate competition,Asia,6.25,50
182,350,2023-12-19 06:09:33.948002,Increasing demand,39371,9.18,Moderate competition,Asia,14.37,50
183,143,2024-04-21 06:09:33.948006,Increasing demand,80412,6.06,Moderate competition,Europe,4.8,49
184,189,2024-04-22 06:09:33.948010,Increasing demand,67396,6.46,Moderate competition,North America,9.06,49
185,278,2023-08-02 06:09:33.948014,Increasing demand,79262,19.13,Moderate competition,Asia,11.73,2
186,393,2024-01-03 06:09:33.948018,Increasing demand,38452,15.23,Moderate competition,North America,4.39,23
187,111,2023-06-27 06:09:33.948022,Increasing demand,14892,3.72,Moderate competition,Asia,8.95,43
188,135,2023-07-24 06:09:33.948026,Increasing demand,30012,14.65,Moderate competition,Africa,3.14,45
189,31,2024-03-22 06:09:33.948030,Increasing demand,80483,16.04,Moderate competition,South America,1.98,42
190,498,2024-02-19 06:09:33.948034,Increasing demand,94068,12.82,Moderate competition,North America,4.31,5
191,331,2024-05-27 06:09:33.948038,Increasing demand,93596,11.61,Moderate competition,Europe,1.57,37
192,47,2023-08-22 06:09:33.948042,Increasing demand,8472,7.68,Moderate competition,Asia,1.33,20
193,146,2023-08-12 06:09:33.948049,Increasing demand,11462,10.0,Moderate competition,Africa,5.47,12
194,390,2024-05-10 06:09:33.948054,Increasing demand,16513,10.58,Moderate competition,South America,5.5,1
195,262,2023-10-19 06:09:33.948059,Increasing demand,55410,8.13,Moderate competition,North America,7.29,8
196,434,2023-11-07 06:09:33.948064,Increasing demand,33530,18.5,Moderate competition,South America,2.95,44
197,462,2024-05-31 06:09:33.948067,Increasing demand,96547,6.91,Moderate competition,North America,4.57,5
198,132,2023-07-18 06:09:33.948074,Increasing demand,80324,16.06,Moderate competition,South America,9.09,9
199,387,2024-02-24 06:09:33.948078,Increasing demand,44244,3.87,Moderate competition,South America,9.52,21
200,16,2024-03-16 06:09:33.948082,Increasing demand,77213,16.98,Moderate competition,North America,10.54,5
201,187,2024-05-12 06:09:33.948087,Increasing demand,29963,17.19,Moderate competition,Europe,6.98,35
202,389,2024-03-16 06:09:33.948096,Increasing demand,47993,14.01,Moderate competition,Asia,10.95,24
203,163,2023-11-19 06:09:33.948104,Increasing demand,54753,13.73,Moderate competition,Europe,3.54,37
204,131,2024-03-17 06:09:33.948110,Increasing demand,78463,2.95,Moderate competition,South America,11.22,22
205,242,2023-11-09 06:09:33.948114,Increasing demand,10802,4.93,Moderate competition,North America,12.14,31
206,252,2024-03-02 06:09:33.948118,Increasing demand,28799,7.03,Moderate competition,Asia,4.21,7
207,248,2024-06-10 06:09:33.948122,Increasing demand,2887,18.27,Moderate competition,Europe,3.27,43
208,492,2023-06-19 06:09:33.948127,Increasing demand,37412,13.82,Moderate competition,South America,14.47,12
209,323,2024-03-23 06:09:33.948131,Increasing demand,71592,11.11,Moderate competition,Europe,11.76,28
210,395,2024-01-21 06:09:33.948135,Increasing demand,46207,19.53,Moderate competition,Africa,5.09,8
211,14,2023-09-27 06:09:33.948139,Increasing demand,26264,4.89,Moderate competition,Africa,3.98,4
212,166,2023-09-28 06:09:33.948146,Increasing demand,52221,18.67,Moderate competition,South America,6.44,6
213,277,2023-08-19 06:09:33.948151,Increasing demand,63910,17.15,Moderate competition,North America,9.07,12
214,58,2023-12-22 06:09:33.948154,Increasing demand,14032,13.51,Moderate competition,Asia,6.79,38
215,404,2023-08-14 06:09:33.948158,Increasing demand,82132,14.43,Moderate competition,South America,11.12,14
216,434,2024-06-10 06:09:33.948162,Increasing demand,71642,10.66,Moderate competition,Africa,13.52,33
217,201,2023-06-24 06:09:33.948166,Increasing demand,18164,15.21,Moderate competition,Europe,14.36,40
218,151,2023-12-26 06:09:33.948170,Increasing demand,17701,8.1,Moderate competition,Europe,3.59,17
219,394,2023-11-14 06:09:33.948175,Increasing demand,56854,15.91,Moderate competition,Europe,8.05,39
220,160,2024-04-21 06:09:33.948183,Increasing demand,30688,16.72,Moderate competition,North America,1.77,10
221,459,2023-11-06 06:09:33.948191,Increasing demand,52145,12.1,Moderate competition,Europe,12.55,35
222,223,2024-01-30 06:09:33.948199,Increasing demand,99651,6.67,Moderate competition,North America,8.44,34
223,257,2024-02-24 06:09:33.948208,Increasing demand,21873,18.19,Moderate competition,North America,14.36,18
224,48,2023-07-30 06:09:33.948214,Increasing demand,67393,17.34,Moderate competition,South America,13.15,23
225,102,2023-11-15 06:09:33.948220,Increasing demand,92555,16.86,Moderate competition,Africa,10.56,35
226,308,2023-10-11 06:09:33.948228,Increasing demand,18520,10.08,Moderate competition,South America,4.61,46
227,89,2023-12-20 06:09:33.948235,Increasing demand,84114,18.88,Moderate competition,Europe,10.6,18
228,250,2023-07-24 06:09:33.948242,Increasing demand,73596,3.63,Moderate competition,Europe,12.9,32
229,87,2023-12-12 06:09:33.948248,Increasing demand,98007,10.48,Moderate competition,South America,2.28,16
230,152,2023-12-22 06:09:33.948254,Increasing demand,5290,8.42,Moderate competition,Asia,13.84,31
231,116,2024-06-02 06:09:33.948280,Increasing demand,76870,4.71,Moderate competition,Europe,14.77,7
232,217,2024-02-16 06:09:33.948289,Increasing demand,25965,19.06,Moderate competition,Africa,9.85,20
233,123,2024-01-21 06:09:33.948296,Increasing demand,23128,15.29,Moderate competition,Asia,11.59,11
234,4,2023-08-26 06:09:33.948301,Increasing demand,97841,12.98,Moderate competition,North America,3.94,25
235,15,2023-07-20 06:09:33.948305,Increasing demand,96561,12.82,Moderate competition,North America,4.38,30
236,126,2024-05-24 06:09:33.948309,Increasing demand,36462,16.72,Moderate competition,Africa,6.96,31
237,61,2024-06-13 06:09:33.948313,Increasing demand,89866,17.36,Moderate competition,Asia,2.35,39
238,208,2023-12-17 06:09:33.948317,Increasing demand,55087,2.84,Moderate competition,Europe,6.05,11
239,118,2024-03-29 06:09:33.948320,Increasing demand,88194,15.21,Moderate competition,Europe,11.02,1
240,308,2023-12-13 06:09:33.948324,Increasing demand,53817,13.8,Moderate competition,Asia,13.78,36
241,98,2023-09-28 06:09:33.948328,Increasing demand,76924,18.23,Moderate competition,Asia,8.89,21
242,84,2023-11-22 06:09:33.948333,Increasing demand,84693,15.2,Moderate competition,Africa,3.73,26
243,197,2024-02-18 06:09:33.948341,Increasing demand,9430,1.86,Moderate competition,Asia,14.99,37
244,55,2023-12-08 06:09:33.948353,Increasing demand,20692,17.06,Moderate competition,Europe,3.79,9
245,494,2023-09-10 06:09:33.948358,Increasing demand,12244,5.81,Moderate competition,North America,12.58,37
246,251,2024-05-12 06:09:33.948362,Increasing demand,19344,15.69,Moderate competition,Asia,14.71,7
247,7,2023-07-02 06:09:33.948366,Increasing demand,43208,6.49,Moderate competition,Africa,12.55,46
248,184,2024-05-22 06:09:33.948370,Increasing demand,11894,14.23,Moderate competition,South America,5.65,40
249,430,2024-01-04 06:09:33.948374,Increasing demand,13077,7.7,Moderate competition,Europe,14.27,5
250,462,2023-10-28 06:09:33.948380,Increasing demand,2728,5.07,Moderate competition,North America,7.93,25
251,4,2023-12-06 06:09:33.948384,Increasing demand,66136,2.5,Moderate competition,Europe,7.05,48
252,73,2023-07-05 06:09:33.948388,Increasing demand,68235,12.16,Moderate competition,South America,6.87,1
253,148,2023-12-13 06:09:33.948392,Increasing demand,60146,10.62,Moderate competition,Asia,1.66,16
254,47,2023-07-05 06:09:33.948395,Increasing demand,82796,6.61,Moderate competition,South America,5.02,2
255,161,2024-05-27 06:09:33.948402,Increasing demand,75155,15.3,Moderate competition,South America,1.23,22
256,104,2024-02-29 06:09:33.948406,Increasing demand,36451,4.28,Moderate competition,Africa,3.25,11
257,321,2023-06-19 06:09:33.948410,Increasing demand,2356,12.24,Moderate competition,Africa,3.44,11
258,134,2023-11-04 06:09:33.948414,Increasing demand,70306,2.97,Moderate competition,Asia,5.73,30
259,424,2023-09-09 06:09:33.948419,Increasing demand,6313,11.83,Moderate competition,South America,13.76,45
260,252,2023-12-11 06:09:33.948422,Increasing demand,75534,2.33,Moderate competition,Africa,12.6,34
261,173,2023-07-14 06:09:33.948426,Increasing demand,63920,17.86,Moderate competition,Africa,13.46,25
262,178,2024-02-03 06:09:33.948432,Increasing demand,4935,7.17,Moderate competition,South America,7.35,21
263,325,2024-05-14 06:09:33.948436,Increasing demand,32887,6.98,Moderate competition,Africa,4.09,1
264,144,2024-06-05 06:09:33.948440,Increasing demand,50125,15.87,Moderate competition,Europe,1.69,41
265,141,2024-02-05 06:09:33.948444,Increasing demand,2024,16.02,Moderate competition,Africa,6.06,44
266,378,2024-03-31 06:09:33.948448,Increasing demand,48376,13.01,Moderate competition,Europe,1.8,41
267,216,2024-06-12 06:09:33.948452,Increasing demand,57471,16.65,Moderate competition,Asia,7.44,5
268,443,2023-12-15 06:09:33.948460,Increasing demand,23313,7.18,Moderate competition,Asia,9.25,10
269,97,2023-07-31 06:09:33.948468,Increasing demand,88373,16.07,Moderate competition,North America,6.56,37
270,155,2023-06-22 06:09:33.948478,Increasing demand,32835,8.48,Moderate competition,Europe,7.78,35
271,180,2024-05-26 06:09:33.948486,Increasing demand,22414,15.63,Moderate competition,Africa,2.96,12
272,212,2024-04-26 06:09:33.948494,Increasing demand,22118,12.55,Moderate competition,Africa,6.56,27
273,209,2024-02-02 06:09:33.948509,Increasing demand,38311,9.54,Moderate competition,North America,13.6,9
274,230,2023-07-02 06:09:33.948514,Increasing demand,73646,11.58,Moderate competition,Africa,6.09,26
275,115,2024-04-26 06:09:33.948518,Increasing demand,77247,7.05,Moderate competition,North America,13.9,24
276,291,2023-09-23 06:09:33.948522,Increasing demand,68630,14.67,Moderate competition,Africa,2.41,16
277,272,2024-05-10 06:09:33.948526,Increasing demand,24209,13.33,Moderate competition,South America,14.66,7
278,214,2023-09-01 06:09:33.948530,Increasing demand,1440,11.92,Moderate competition,Europe,10.64,26
279,42,2024-04-02 06:09:33.948534,Increasing demand,55040,10.85,Moderate competition,Asia,10.32,22
280,329,2024-03-19 06:09:33.948539,Increasing demand,86568,9.24,Moderate competition,South America,1.59,27
281,77,2024-05-19 06:09:33.948542,Increasing demand,11546,18.17,Moderate competition,Africa,12.73,38
282,452,2023-10-20 06:09:33.948546,Increasing demand,7494,11.04,Moderate competition,Africa,5.14,31
283,191,2023-06-30 06:09:33.948552,Increasing demand,71106,11.89,Moderate competition,North America,14.09,38
284,283,2024-04-14 06:09:33.948556,Increasing demand,2137,8.43,Moderate competition,Asia,5.09,17
285,254,2023-06-23 06:09:33.948560,Increasing demand,57749,2.74,Moderate competition,North America,7.22,12
286,212,2024-06-07 06:09:33.948565,Increasing demand,46930,15.39,Moderate competition,Asia,9.83,40
287,237,2024-03-02 06:09:33.948579,Increasing demand,7957,6.66,Moderate competition,Asia,7.52,13
288,414,2023-10-06 06:09:33.948588,Increasing demand,1685,6.25,Moderate competition,North America,8.91,1
289,258,2023-11-24 06:09:33.948597,Increasing demand,9297,19.63,Moderate competition,Europe,8.16,9
290,22,2023-09-01 06:09:33.948606,Increasing demand,44303,11.84,Moderate competition,Africa,8.96,12
291,297,2024-01-28 06:09:33.948613,Increasing demand,8531,15.32,Moderate competition,North America,13.45,36
292,496,2024-01-19 06:09:33.948617,Increasing demand,44021,4.19,Moderate competition,Asia,6.74,7
293,276,2024-05-10 06:09:33.948621,Increasing demand,41741,10.65,Moderate competition,Africa,7.58,45
294,315,2023-11-06 06:09:33.948626,Increasing demand,72119,16.71,Moderate competition,Africa,9.92,47
295,147,2023-07-29 06:09:33.948633,Increasing demand,68423,6.04,Moderate competition,South America,3.63,1
296,85,2023-11-28 06:09:33.948638,Increasing demand,72564,10.32,Moderate competition,North America,13.12,13
297,199,2023-12-11 06:09:33.948642,Increasing demand,37303,19.0,Moderate competition,Europe,10.14,49
298,402,2023-08-14 06:09:33.948646,Increasing demand,19176,0.77,Moderate competition,Asia,10.96,5
299,109,2024-05-28 06:09:33.948650,Increasing demand,38249,14.17,Moderate competition,North America,12.86,19
300,218,2023-08-02 06:09:33.948654,Increasing demand,97498,16.62,Moderate competition,South America,8.89,49
301,41,2023-11-21 06:09:33.948658,Increasing demand,62713,4.53,Moderate competition,Asia,13.27,48
302,29,2024-06-01 06:09:33.948662,Increasing demand,74047,3.73,Moderate competition,South America,11.15,36
303,30,2023-10-28 06:09:33.948670,Increasing demand,83264,9.44,Moderate competition,South America,5.79,50
304,489,2024-06-05 06:09:33.948674,Increasing demand,1033,6.17,Moderate competition,Africa,7.99,22
305,22,2024-01-20 06:09:33.948678,Increasing demand,94706,19.14,Moderate competition,South America,13.32,7
306,269,2024-01-11 06:09:33.948681,Increasing demand,78506,5.81,Moderate competition,Asia,2.47,7
307,452,2024-06-12 06:09:33.948685,Increasing demand,47156,17.78,Moderate competition,Asia,12.22,3
308,35,2023-09-28 06:09:33.948689,Increasing demand,74587,6.05,Moderate competition,Europe,14.42,40
309,465,2023-09-12 06:09:33.948693,Increasing demand,68613,13.1,Moderate competition,Asia,14.9,39
310,234,2024-05-14 06:09:33.948698,Increasing demand,74862,19.82,Moderate competition,Asia,6.6,46
311,380,2023-07-09 06:09:33.948702,Increasing demand,6101,16.22,Moderate competition,South America,10.48,44
312,141,2024-01-16 06:09:33.948706,Increasing demand,11268,13.31,Moderate competition,South America,7.26,47
313,239,2024-02-05 06:09:33.948710,Increasing demand,57504,0.9,Moderate competition,North America,8.51,28
314,263,2024-02-03 06:09:33.948715,Increasing demand,29222,19.73,Moderate competition,North America,10.2,44
315,233,2023-11-12 06:09:33.948718,Increasing demand,48796,11.66,Moderate competition,South America,6.95,41
316,297,2024-02-01 06:09:33.948722,Increasing demand,72020,13.33,Moderate competition,South America,2.24,29
317,462,2024-02-06 06:09:33.948726,Increasing demand,94813,11.47,Moderate competition,Europe,1.37,45
318,63,2024-02-17 06:09:33.948729,Increasing demand,17913,12.76,Moderate competition,North America,13.56,10
319,256,2024-01-15 06:09:33.948741,Increasing demand,87096,9.49,Moderate competition,Asia,5.34,40
320,29,2023-06-25 06:09:33.948750,Increasing demand,23548,15.5,Moderate competition,South America,10.56,37
321,476,2024-06-15 06:09:33.948758,Increasing demand,15014,6.25,Moderate competition,Europe,1.59,41
322,200,2023-08-20 06:09:33.948765,Increasing demand,27726,7.49,Moderate competition,Africa,13.38,42
323,1,2024-04-03 06:09:33.948775,Increasing demand,55282,12.22,Moderate competition,Africa,3.4,7
324,302,2023-10-03 06:09:33.948783,Increasing demand,70327,0.59,Moderate competition,Europe,4.14,4
325,382,2024-05-01 06:09:33.948791,Increasing demand,88710,11.73,Moderate competition,South America,1.37,18
326,427,2023-08-16 06:09:33.948804,Increasing demand,64033,14.24,Moderate competition,Asia,6.04,13
327,249,2023-12-20 06:09:33.948809,Increasing demand,80672,16.3,Moderate competition,Africa,9.58,17
328,239,2024-03-22 06:09:33.948813,Increasing demand,93276,4.46,Moderate competition,Europe,3.09,8
329,328,2024-01-31 06:09:33.948817,Increasing demand,65957,14.01,Moderate competition,Asia,10.38,44
330,440,2024-05-30 06:09:33.948821,Increasing demand,63178,5.33,Moderate competition,Asia,8.97,47
331,264,2023-10-10 06:09:33.948825,Increasing demand,33119,0.62,Moderate competition,South America,1.53,18
332,434,2023-12-02 06:09:33.948829,Increasing demand,1264,9.99,Moderate competition,North America,5.88,45
333,3,2023-12-31 06:09:33.948833,Increasing demand,42294,8.96,Moderate competition,Africa,10.35,23
334,372,2024-04-10 06:09:33.948837,Increasing demand,11139,6.21,Moderate competition,Africa,1.46,23
335,448,2023-08-18 06:09:33.948841,Increasing demand,6080,8.9,Moderate competition,Asia,13.51,18
336,214,2024-06-11 06:09:33.948845,Increasing demand,18387,17.69,Moderate competition,South America,10.11,10
337,255,2024-04-18 06:09:33.948849,Increasing demand,78285,3.29,Moderate competition,Africa,10.62,18
338,242,2024-04-27 06:09:33.948854,Increasing demand,52849,16.63,Moderate competition,South America,12.46,3
339,305,2024-03-15 06:09:33.948863,Increasing demand,60127,2.48,Moderate competition,North America,8.91,12
340,245,2024-04-13 06:09:33.948871,Increasing demand,47210,9.22,Moderate competition,Asia,7.24,11
341,448,2024-05-09 06:09:33.948879,Increasing demand,26180,13.29,Moderate competition,Asia,9.94,44
342,310,2024-06-01 06:09:33.948887,Increasing demand,73863,4.02,Moderate competition,South America,2.69,45
343,331,2023-10-24 06:09:33.948892,Increasing demand,42692,18.52,Moderate competition,North America,11.41,2
344,445,2023-07-18 06:09:33.948896,Increasing demand,74021,9.8,Moderate competition,North America,4.46,15
345,226,2023-12-01 06:09:33.948902,Increasing demand,19963,3.75,Moderate competition,Europe,14.67,43
346,229,2023-12-17 06:09:33.948909,Increasing demand,33965,4.62,Moderate competition,North America,6.98,39
347,29,2023-06-25 06:09:33.948913,Increasing demand,47779,2.14,Moderate competition,Africa,4.98,36
348,479,2023-08-31 06:09:33.948917,Increasing demand,8727,15.09,Moderate competition,Africa,1.17,15
349,84,2023-06-20 06:09:33.948922,Increasing demand,73026,3.52,Moderate competition,Asia,1.42,18
350,137,2024-04-22 06:09:33.948926,Increasing demand,60029,18.87,Moderate competition,Asia,6.23,42
351,409,2024-05-19 06:09:33.948932,Increasing demand,68241,17.26,Moderate competition,Africa,14.38,45
352,43,2024-02-19 06:09:33.948936,Increasing demand,27475,12.55,Moderate competition,Europe,14.81,33
353,59,2023-09-27 06:09:33.948940,Increasing demand,21152,3.97,Moderate competition,Africa,6.84,27
354,116,2024-01-29 06:09:33.948945,Increasing demand,19626,0.55,Moderate competition,South America,2.32,28
355,310,2023-06-30 06:09:33.948949,Increasing demand,65262,6.2,Moderate competition,Asia,5.08,13
356,426,2024-04-20 06:09:33.948952,Increasing demand,93288,5.98,Moderate competition,Europe,1.83,5
357,429,2023-06-19 06:09:33.948956,Increasing demand,72823,2.42,Moderate competition,Europe,9.46,5
358,97,2024-06-07 06:09:33.948960,Increasing demand,79141,9.03,Moderate competition,North America,5.09,33
359,50,2024-03-02 06:09:33.948964,Increasing demand,29605,15.04,Moderate competition,Asia,14.97,38
360,151,2024-05-12 06:09:33.948968,Increasing demand,5686,17.01,Moderate competition,South America,6.78,35
361,41,2023-09-05 06:09:33.948971,Increasing demand,2086,18.38,Moderate competition,North America,8.47,18
362,288,2023-10-09 06:09:33.948975,Increasing demand,78340,8.05,Moderate competition,Asia,6.14,21
363,83,2024-05-08 06:09:33.948979,Increasing demand,85430,2.04,Moderate competition,Asia,5.45,14
364,218,2023-06-22 06:09:33.948983,Increasing demand,64075,5.0,Moderate competition,Europe,7.17,30
365,92,2024-02-11 06:09:33.948987,Increasing demand,78965,8.31,Moderate competition,Asia,1.48,5
366,353,2023-11-08 06:09:33.948990,Increasing demand,72400,0.71,Moderate competition,Europe,13.65,39
367,60,2023-09-20 06:09:33.948994,Increasing demand,3592,6.21,Moderate competition,Asia,7.07,19
368,398,2024-03-14 06:09:33.948998,Increasing demand,75222,6.4,Moderate competition,North America,14.52,25
369,230,2023-11-27 06:09:33.949002,Increasing demand,91371,3.05,Moderate competition,South America,9.14,23
370,134,2024-02-10 06:09:33.949006,Increasing demand,49956,3.93,Moderate competition,North America,1.62,50
371,87,2024-06-16 06:09:33.949010,Increasing demand,56374,12.62,Moderate competition,North America,4.51,4
372,205,2024-05-13 06:09:33.949014,Increasing demand,80335,8.34,Moderate competition,North America,2.23,3
373,164,2023-08-23 06:09:33.949018,Increasing demand,74966,7.99,Moderate competition,Europe,5.26,39
374,248,2023-10-29 06:09:33.949021,Increasing demand,56840,15.96,Moderate competition,Africa,13.45,48
375,333,2024-03-08 06:09:33.949025,Increasing demand,82166,11.86,Moderate competition,Europe,11.92,3
376,340,2023-12-05 06:09:33.949030,Increasing demand,43110,12.16,Moderate competition,Asia,4.05,2
377,339,2024-03-14 06:09:33.949033,Increasing demand,85861,17.8,Moderate competition,North America,13.35,40
378,62,2023-11-04 06:09:33.949037,Increasing demand,86228,6.42,Moderate competition,Europe,1.92,3
379,240,2024-05-29 06:09:33.949046,Increasing demand,8198,19.51,Moderate competition,Asia,10.04,16
380,308,2024-04-21 06:09:33.949054,Increasing demand,14931,6.65,Moderate competition,South America,2.47,14
381,398,2024-04-08 06:09:33.949062,Increasing demand,94904,19.58,Moderate competition,Europe,8.66,21
382,236,2023-10-06 06:09:33.949070,Increasing demand,96172,15.86,Moderate competition,Asia,13.24,12
383,429,2023-09-05 06:09:33.949081,Increasing demand,5193,11.03,Moderate competition,South America,10.94,30
384,438,2023-11-27 06:09:33.949086,Increasing demand,56172,16.75,Moderate competition,Europe,7.74,19
385,142,2023-09-07 06:09:33.949090,Increasing demand,57726,17.88,Moderate competition,South America,2.44,45
386,350,2024-02-15 06:09:33.949093,Increasing demand,35197,12.4,Moderate competition,Asia,2.0,50
387,245,2024-05-24 06:09:33.949099,Increasing demand,81258,13.89,Moderate competition,Asia,14.45,4
388,229,2023-06-21 06:09:33.949105,Increasing demand,43987,3.82,Moderate competition,Asia,13.35,12
389,350,2024-01-26 06:09:33.949110,Increasing demand,96458,8.51,Moderate competition,South America,2.0,39
390,338,2023-11-12 06:09:33.949116,Increasing demand,19563,14.73,Moderate competition,South America,8.88,30
391,141,2023-08-10 06:09:33.949120,Increasing demand,32463,19.99,Moderate competition,Europe,13.25,44
392,499,2024-02-11 06:09:33.949124,Increasing demand,34284,14.87,Moderate competition,North America,1.26,38
393,286,2023-10-29 06:09:33.949128,Increasing demand,50625,14.66,Moderate competition,Africa,14.11,45
394,127,2024-05-06 06:09:33.949132,Increasing demand,7645,14.98,Moderate competition,Africa,12.72,38
395,176,2023-09-03 06:09:33.949136,Increasing demand,53923,18.25,Moderate competition,Asia,12.39,25
396,89,2024-05-07 06:09:33.949141,Increasing demand,22310,10.73,Moderate competition,Europe,12.77,42
397,500,2024-01-13 06:09:33.949145,Increasing demand,37919,18.58,Moderate competition,South America,8.18,26
398,314,2024-05-20 06:09:33.949154,Increasing demand,26798,2.26,Moderate competition,South America,6.35,32
399,331,2024-01-24 06:09:33.949163,Increasing demand,7707,8.85,Moderate competition,Europe,12.59,31
400,126,2023-08-14 06:09:33.949170,Increasing demand,66465,16.71,Moderate competition,Africa,5.95,20
401,264,2023-10-28 06:09:33.949174,Increasing demand,16074,18.07,Moderate competition,North America,2.11,16
402,75,2023-09-09 06:09:33.949183,Increasing demand,53643,9.3,Moderate competition,South America,4.62,23
403,277,2023-07-03 06:09:33.949187,Increasing demand,37404,19.08,Moderate competition,Europe,7.16,31
404,135,2023-08-25 06:09:33.949191,Increasing demand,15841,10.86,Moderate competition,North America,7.69,37
405,175,2023-10-11 06:09:33.949195,Increasing demand,50939,16.4,Moderate competition,Europe,4.14,16
406,146,2024-01-16 06:09:33.949199,Increasing demand,79615,10.25,Moderate competition,South America,11.58,27
407,343,2024-01-07 06:09:33.949204,Increasing demand,40843,19.12,Moderate competition,Asia,6.56,26
408,30,2023-12-26 06:09:33.949208,Increasing demand,26615,4.71,Moderate competition,Europe,8.11,18
409,204,2023-10-27 06:09:33.949212,Increasing demand,82692,14.4,Moderate competition,Africa,2.8,8
410,75,2024-05-19 06:09:33.949216,Increasing demand,88483,4.87,Moderate competition,South America,10.07,36
411,71,2024-01-25 06:09:33.949220,Increasing demand,88981,19.06,Moderate competition,Asia,11.3,38
412,186,2024-06-11 06:09:33.949224,Increasing demand,56614,19.12,Moderate competition,North America,12.31,44
413,123,2023-11-21 06:09:33.949228,Increasing demand,49170,7.37,Moderate competition,Africa,10.72,37
414,341,2024-01-24 06:09:33.949233,Increasing demand,51378,1.29,Moderate competition,Europe,9.29,17
415,365,2023-12-03 06:09:33.949239,Increasing demand,98480,3.89,Moderate competition,Asia,5.29,27
416,44,2024-02-06 06:09:33.949242,Increasing demand,90520,13.42,Moderate competition,Europe,9.83,24
417,238,2024-03-19 06:09:33.949246,Increasing demand,16829,2.37,Moderate competition,Europe,4.3,44
418,368,2023-11-06 06:09:33.949250,Increasing demand,75557,19.54,Moderate competition,South America,12.73,16
419,167,2024-01-14 06:09:33.949256,Increasing demand,77098,14.42,Moderate competition,South America,8.52,12
420,108,2024-03-16 06:09:33.949265,Increasing demand,34118,10.9,Moderate competition,Africa,5.1,23
421,166,2023-07-21 06:09:33.949273,Increasing demand,26904,12.5,Moderate competition,Asia,3.66,23
422,377,2023-10-02 06:09:33.949282,Increasing demand,9001,2.89,Moderate competition,South America,10.82,6
423,12,2024-03-11 06:09:33.949288,Increasing demand,97336,15.9,Moderate competition,Africa,7.59,38
424,217,2024-05-01 06:09:33.949296,Increasing demand,41641,8.98,Moderate competition,Africa,5.84,17
425,484,2023-11-06 06:09:33.949304,Increasing demand,28692,9.21,Moderate competition,South America,13.96,36
426,263,2023-11-05 06:09:33.949311,Increasing demand,27142,1.07,Moderate competition,North America,13.42,20
427,224,2024-03-22 06:09:33.949316,Increasing demand,46708,18.74,Moderate competition,Asia,2.28,23
428,358,2024-03-31 06:09:33.949322,Increasing demand,4563,14.7,Moderate competition,North America,14.64,44
429,197,2023-12-28 06:09:33.949327,Increasing demand,27509,11.18,Moderate competition,Africa,9.2,27
430,411,2024-01-26 06:09:33.949331,Increasing demand,90507,12.27,Moderate competition,Asia,5.13,39
431,11,2024-01-16 06:09:33.949335,Increasing demand,85950,14.31,Moderate competition,Africa,5.86,31
432,353,2023-11-13 06:09:33.949342,Increasing demand,41012,17.32,Moderate competition,Europe,12.94,32
433,75,2023-06-27 06:09:33.949349,Increasing demand,53638,4.38,Moderate competition,Africa,5.35,32
434,181,2024-04-28 06:09:33.949358,Increasing demand,24315,14.73,Moderate competition,Asia,6.77,25
435,307,2024-04-01 06:09:33.949366,Increasing demand,69914,9.08,Moderate competition,Asia,9.54,45
436,405,2024-01-05 06:09:33.949371,Increasing demand,83589,0.58,Moderate competition,South America,1.21,4
437,488,2023-10-05 06:09:33.949377,Increasing demand,91037,17.94,Moderate competition,South America,8.81,23
438,342,2023-12-06 06:09:33.949382,Increasing demand,54522,9.78,Moderate competition,South America,7.0,47
439,161,2024-06-10 06:09:33.949388,Increasing demand,29126,19.42,Moderate competition,Asia,6.45,34
440,367,2024-06-16 06:09:33.949392,Increasing demand,33057,17.93,Moderate competition,North America,6.74,43
441,357,2024-04-08 06:09:33.949397,Increasing demand,33270,9.86,Moderate competition,Europe,5.44,19
442,300,2023-12-26 06:09:33.949405,Increasing demand,53693,6.97,Moderate competition,South America,9.02,24
443,393,2023-09-30 06:09:33.949413,Increasing demand,53787,15.57,Moderate competition,South America,14.66,5
444,241,2024-02-23 06:09:33.949419,Increasing demand,49886,0.85,Moderate competition,Europe,7.93,30
445,471,2023-07-13 06:09:33.949425,Increasing demand,87836,7.45,Moderate competition,Asia,11.06,10
446,281,2023-08-07 06:09:33.949429,Increasing demand,79049,12.4,Moderate competition,Africa,4.34,31
447,468,2023-10-16 06:09:33.949437,Increasing demand,63560,9.07,Moderate competition,Asia,4.37,44
448,277,2023-10-13 06:09:33.949441,Increasing demand,65845,5.31,Moderate competition,North America,10.44,7
449,287,2023-12-02 06:09:33.949447,Increasing demand,95066,0.76,Moderate competition,Africa,8.55,30
450,208,2024-01-05 06:09:33.949451,Increasing demand,4742,19.84,Moderate competition,North America,11.73,1
451,457,2023-09-24 06:09:33.949456,Increasing demand,15208,8.92,Moderate competition,Asia,4.55,7
452,318,2024-03-05 06:09:33.949460,Increasing demand,19524,10.09,Moderate competition,North America,5.81,3
453,57,2023-10-07 06:09:33.949464,Increasing demand,78075,10.95,Moderate competition,Asia,3.04,36
454,415,2023-11-13 06:09:33.949470,Increasing demand,88161,13.17,Moderate competition,Europe,13.58,7
455,44,2024-01-19 06:09:33.949474,Increasing demand,4743,11.87,Moderate competition,South America,1.07,22
456,357,2023-11-04 06:09:33.949478,Increasing demand,93261,3.36,Moderate competition,South America,7.61,41
457,118,2024-01-15 06:09:33.949482,Increasing demand,29541,1.9,Moderate competition,Europe,12.66,7
458,221,2024-02-19 06:09:33.949487,Increasing demand,63930,10.46,Moderate competition,Asia,3.49,42
459,205,2023-12-06 06:09:33.949491,Increasing demand,90148,6.14,Moderate competition,Asia,8.05,50
460,249,2024-02-25 06:09:33.949495,Increasing demand,61264,12.64,Moderate competition,Europe,4.45,28
461,223,2024-03-26 06:09:33.949500,Increasing demand,82859,8.58,Moderate competition,Europe,7.92,29
462,64,2024-05-28 06:09:33.949504,Increasing demand,11693,9.08,Moderate competition,Asia,14.47,38
463,333,2023-10-29 06:09:33.949507,Increasing demand,21493,13.07,Moderate competition,South America,1.03,28
464,247,2024-04-10 06:09:33.949511,Increasing demand,85741,15.01,Moderate competition,Asia,6.33,4
465,476,2023-08-11 06:09:33.949519,Increasing demand,54082,13.0,Moderate competition,South America,7.2,9
466,446,2024-01-03 06:09:33.949526,Increasing demand,80283,1.56,Moderate competition,South America,4.78,37
467,242,2023-11-04 06:09:33.949535,Increasing demand,17864,15.65,Moderate competition,North America,13.78,18
468,260,2024-01-11 06:09:33.949543,Increasing demand,56251,14.77,Moderate competition,Europe,9.38,3
469,310,2024-01-26 06:09:33.949551,Increasing demand,68343,9.79,Moderate competition,Africa,13.14,32
470,134,2023-11-01 06:09:33.949559,Increasing demand,77824,15.18,Moderate competition,Africa,8.89,20
471,452,2023-08-26 06:09:33.949567,Increasing demand,40003,19.55,Moderate competition,Asia,3.61,32
472,253,2023-11-02 06:09:33.949573,Increasing demand,27379,19.2,Moderate competition,Europe,4.04,34
473,311,2023-09-11 06:09:33.949586,Increasing demand,7986,7.08,Moderate competition,South America,6.1,4
474,236,2023-12-27 06:09:33.949594,Increasing demand,38942,11.0,Moderate competition,Africa,8.04,5
475,360,2023-11-25 06:09:33.949599,Increasing demand,37461,9.09,Moderate competition,Africa,6.96,49
476,403,2023-07-15 06:09:33.949604,Increasing demand,42146,9.93,Moderate competition,South America,12.64,21
477,299,2024-03-02 06:09:33.949608,Increasing demand,58074,4.01,Moderate competition,North America,13.18,19
478,345,2023-08-23 06:09:33.949612,Increasing demand,17085,15.27,Moderate competition,Africa,9.16,28
479,70,2024-02-23 06:09:33.949615,Increasing demand,9055,12.88,Moderate competition,South America,11.74,41
480,239,2023-08-16 06:09:33.949619,Increasing demand,33805,5.78,Moderate competition,Asia,9.55,26
481,130,2023-07-01 06:09:33.949623,Increasing demand,52734,1.25,Moderate competition,Africa,2.26,26
482,230,2024-03-18 06:09:33.949627,Increasing demand,86228,15.44,Moderate competition,Asia,2.19,38
483,300,2024-04-01 06:09:33.949632,Increasing demand,22869,8.95,Moderate competition,Africa,14.57,48
484,18,2023-08-03 06:09:33.949640,Increasing demand,52122,2.79,Moderate competition,North America,2.74,2
485,22,2023-08-19 06:09:33.949647,Increasing demand,74150,15.58,Moderate competition,North America,14.9,2
486,294,2023-09-13 06:09:33.949654,Increasing demand,71504,0.66,Moderate competition,Africa,11.67,28
487,317,2023-12-26 06:09:33.949663,Increasing demand,6298,1.92,Moderate competition,Asia,11.94,46
488,445,2023-07-25 06:09:33.949672,Increasing demand,64649,9.94,Moderate competition,Africa,7.53,32
489,198,2024-03-05 06:09:33.949680,Increasing demand,75262,12.15,Moderate competition,South America,13.85,48
490,65,2023-10-14 06:09:33.949684,Increasing demand,23501,18.02,Moderate competition,Europe,1.27,11
491,480,2024-04-15 06:09:33.949688,Increasing demand,57304,13.35,Moderate competition,North America,2.82,49
492,423,2023-09-28 06:09:33.949692,Increasing demand,3233,13.69,Moderate competition,South America,9.74,40
493,363,2023-12-21 06:09:33.949696,Increasing demand,6617,4.45,Moderate competition,Africa,10.3,6
494,106,2024-02-20 06:09:33.949700,Increasing demand,96613,0.78,Moderate competition,Europe,4.73,39
495,492,2023-07-05 06:09:33.949704,Increasing demand,56991,11.05,Moderate competition,Asia,13.36,38
496,196,2023-07-12 06:09:33.949708,Increasing demand,36380,6.89,Moderate competition,Asia,1.69,6
497,423,2024-06-16 06:09:33.949712,Increasing demand,92813,4.05,Moderate competition,South America,5.5,23
498,21,2024-03-20 06:09:33.949716,Increasing demand,95941,15.97,Moderate competition,South America,13.82,25
499,7,2024-05-24 06:09:33.949720,Increasing demand,56962,12.26,Moderate competition,Europe,6.59,21
500,337,2024-02-05 06:09:33.949727,Increasing demand,43461,8.78,Moderate competition,Africa,12.94,27
