ProductID,ProductName,ProductGroupID,Description,Price,Cost,SKU,Manufacturer,StockQuantity,WarrantyPeriod
1,Smartphone 26,368,High quality,734.71,421.47,SKU0069,BrandC,193,3 year(s)
2,Laptop 95,267,Best seller,527.1,419.33,SKU0369,BrandB,516,2 year(s)
3,Keyboard 62,434,High quality,1093.79,708.08,SKU0211,BrandC,323,3 year(s)
4,Speaker 72,227,Affordable,650.92,411.71,SKU0127,BrandE,478,2 year(s)
5,Smartphone 26,462,Best seller,932.71,578.47,SKU0180,BrandD,828,3 year(s)
6,Tablet 20,337,Affordable,1294.36,922.03,SKU0464,BrandD,474,2 year(s)
7,Camera 41,431,Best seller,758.57,487.19,SKU0487,BrandA,18,3 year(s)
8,Speaker 96,87,Latest model,1236.11,647.06,SKU0427,BrandB,381,2 year(s)
9,Laptop 94,166,Top rated,726.07,515.66,SKU0145,BrandE,535,3 year(s)
10,Smartphone 69,357,Affordable,745.84,554.22,SKU0375,BrandE,752,1 year(s)
11,Monitor 97,103,Latest model,1329.45,1044.77,SKU0032,BrandE,330,1 year(s)
12,Monitor 29,284,Top rated,87.13,45.22,SKU0364,BrandE,540,3 year(s)
13,Keyboard 23,466,Affordable,529.44,377.52,SKU0229,BrandB,130,3 year(s)
14,Tablet 84,312,High quality,1420.59,898.97,SKU0286,BrandC,740,3 year(s)
15,Laptop 70,456,Best seller,1402.0,1028.29,SKU0388,BrandD,117,1 year(s)
16,Tablet 52,393,Best seller,233.84,135.59,SKU0200,BrandB,850,2 year(s)
17,Speaker 54,277,Affordable,1435.67,777.47,SKU0264,BrandA,715,3 year(s)
18,Mouse 19,300,Best seller,1373.6,1048.66,SKU0239,BrandD,379,3 year(s)
19,Headphones 7,101,High quality,1010.84,635.38,SKU0353,BrandA,691,1 year(s)
20,Laptop 85,457,High quality,401.59,241.96,SKU0120,BrandE,949,3 year(s)
21,Speaker 100,139,Top rated,363.09,187.61,SKU0117,BrandE,715,2 year(s)
22,Keyboard 21,373,Top rated,1101.21,651.44,SKU0284,BrandE,922,3 year(s)
23,Camera 86,343,Top rated,395.09,253.25,SKU0262,BrandC,225,3 year(s)
24,Mouse 71,235,High quality,187.71,127.74,SKU0494,BrandA,875,1 year(s)
25,Headphones 34,219,High quality,277.6,192.66,SKU0430,BrandC,109,3 year(s)
26,Smartwatch 37,41,High quality,733.42,400.41,SKU0070,BrandC,230,2 year(s)
27,Keyboard 53,224,Top rated,1286.98,822.78,SKU0262,BrandC,241,1 year(s)
28,Monitor 94,7,Best seller,1276.62,956.52,SKU0135,BrandC,241,1 year(s)
29,Tablet 67,142,Top rated,467.1,350.68,SKU0003,BrandA,108,3 year(s)
30,Smartwatch 21,118,Top rated,892.94,544.99,SKU0476,BrandA,798,2 year(s)
31,Headphones 91,175,Best seller,214.82,157.33,SKU0393,BrandB,217,1 year(s)
32,Keyboard 52,485,Latest model,984.41,595.01,SKU0097,BrandD,52,1 year(s)
33,Smartphone 67,243,Best seller,609.28,404.38,SKU0113,BrandB,75,2 year(s)
34,Monitor 32,317,Affordable,747.86,440.81,SKU0319,BrandA,760,3 year(s)
35,Tablet 2,486,Best seller,614.18,356.47,SKU0194,BrandC,132,2 year(s)
36,Smartphone 8,250,Best seller,1482.57,831.51,SKU0463,BrandD,734,1 year(s)
37,Headphones 26,247,Top rated,835.03,424.92,SKU0389,BrandC,629,3 year(s)
38,Smartwatch 69,477,Best seller,511.77,355.84,SKU0396,BrandB,424,2 year(s)
39,Tablet 10,378,Top rated,1341.37,993.93,SKU0132,BrandC,632,3 year(s)
40,Keyboard 78,197,Latest model,481.03,248.44,SKU0409,BrandE,824,1 year(s)
41,Headphones 71,23,Top rated,285.89,163.09,SKU0262,BrandB,601,3 year(s)
42,Camera 56,154,Latest model,345.47,190.72,SKU0389,BrandC,858,3 year(s)
43,Headphones 62,284,Top rated,615.14,477.4,SKU0444,BrandD,300,1 year(s)
44,Smartwatch 35,468,Top rated,814.51,541.06,SKU0447,BrandA,163,3 year(s)
45,Keyboard 92,189,High quality,379.02,246.61,SKU0270,BrandA,649,1 year(s)
46,Speaker 6,249,Affordable,231.29,169.63,SKU0143,BrandE,979,3 year(s)
47,Speaker 71,335,Latest model,995.02,730.33,SKU0209,BrandD,777,1 year(s)
48,Keyboard 49,200,Top rated,151.78,106.63,SKU0230,BrandD,267,2 year(s)
49,Laptop 84,361,Best seller,341.17,226.57,SKU0109,BrandE,900,1 year(s)
50,Tablet 28,23,Top rated,944.82,663.19,SKU0087,BrandD,139,2 year(s)
51,Headphones 54,383,High quality,608.71,313.36,SKU0495,BrandB,832,1 year(s)
52,Tablet 85,332,Latest model,1355.23,835.58,SKU0362,BrandA,177,1 year(s)
53,Keyboard 12,27,High quality,879.1,569.58,SKU0260,BrandA,659,2 year(s)
54,Smartphone 6,425,High quality,1276.14,829.78,SKU0448,BrandE,252,1 year(s)
55,Smartphone 86,257,Top rated,251.53,177.51,SKU0316,BrandB,468,2 year(s)
56,Speaker 99,294,High quality,1371.59,980.47,SKU0125,BrandC,155,3 year(s)
57,Monitor 85,401,Best seller,220.34,162.97,SKU0039,BrandB,383,1 year(s)
58,Headphones 91,302,Latest model,1012.73,509.06,SKU0139,BrandB,561,1 year(s)
59,Mouse 99,289,Best seller,1403.25,993.0,SKU0352,BrandD,557,1 year(s)
60,Monitor 49,92,High quality,699.55,448.76,SKU0068,BrandE,167,2 year(s)
61,Laptop 62,16,Affordable,699.96,407.8,SKU0112,BrandA,244,2 year(s)
62,Smartwatch 2,203,Affordable,850.27,571.54,SKU0324,BrandA,789,1 year(s)
63,Smartphone 12,46,Latest model,487.38,245.32,SKU0346,BrandD,683,2 year(s)
64,Monitor 96,35,Top rated,176.79,104.63,SKU0168,BrandC,873,3 year(s)
65,Smartphone 60,350,Best seller,631.35,405.92,SKU0051,BrandD,468,1 year(s)
66,Tablet 69,9,High quality,864.19,635.79,SKU0343,BrandC,697,3 year(s)
67,Monitor 52,468,Best seller,829.15,487.36,SKU0111,BrandE,985,3 year(s)
68,Smartwatch 48,439,Latest model,100.06,56.33,SKU0234,BrandC,172,3 year(s)
69,Smartwatch 50,240,Best seller,585.38,326.22,SKU0433,BrandC,462,1 year(s)
70,Camera 10,31,Affordable,879.29,598.31,SKU0200,BrandA,377,1 year(s)
71,Smartwatch 22,93,High quality,1440.9,1017.27,SKU0217,BrandC,498,3 year(s)
72,Headphones 10,468,Latest model,1400.25,1028.24,SKU0425,BrandC,94,2 year(s)
73,Mouse 95,318,Best seller,816.94,649.47,SKU0278,BrandC,246,3 year(s)
74,Laptop 13,80,Affordable,268.29,178.42,SKU0066,BrandA,507,3 year(s)
75,Smartphone 61,81,Affordable,772.62,578.57,SKU0383,BrandD,278,3 year(s)
76,Keyboard 26,376,Top rated,1475.67,795.03,SKU0106,BrandC,138,1 year(s)
77,Monitor 48,357,Top rated,1480.56,992.86,SKU0089,BrandB,847,2 year(s)
78,Keyboard 54,150,Latest model,65.57,46.35,SKU0319,BrandB,82,2 year(s)
79,Tablet 32,491,High quality,1212.06,677.04,SKU0442,BrandA,59,2 year(s)
80,Keyboard 93,349,Latest model,1038.73,763.66,SKU0040,BrandC,13,3 year(s)
81,Headphones 56,327,Top rated,390.5,265.51,SKU0186,BrandC,931,1 year(s)
82,Smartphone 57,244,High quality,705.27,553.1,SKU0427,BrandD,717,3 year(s)
83,Camera 6,470,Affordable,1207.75,960.91,SKU0347,BrandC,837,3 year(s)
84,Laptop 63,81,Latest model,1222.89,729.67,SKU0299,BrandC,483,3 year(s)
85,Speaker 80,489,High quality,91.11,55.74,SKU0293,BrandD,796,1 year(s)
86,Laptop 81,391,Affordable,436.35,260.55,SKU0033,BrandD,264,3 year(s)
87,Speaker 9,441,Top rated,1312.59,807.49,SKU0301,BrandC,327,3 year(s)
88,Laptop 16,363,Top rated,565.09,366.31,SKU0091,BrandC,547,2 year(s)
89,Camera 62,222,Top rated,1312.89,1049.98,SKU0398,BrandE,789,1 year(s)
90,Keyboard 98,46,Top rated,349.51,215.24,SKU0205,BrandA,262,2 year(s)
91,Tablet 44,44,Affordable,1311.2,745.73,SKU0431,BrandD,860,1 year(s)
92,Mouse 53,405,Latest model,819.98,589.76,SKU0318,BrandE,982,1 year(s)
93,Headphones 69,9,Best seller,205.78,150.81,SKU0406,BrandD,212,3 year(s)
94,Speaker 57,219,Top rated,385.32,250.83,SKU0181,BrandB,543,1 year(s)
95,Camera 19,413,Latest model,1177.12,648.3,SKU0274,BrandB,778,1 year(s)
96,Headphones 15,246,Top rated,523.72,359.49,SKU0040,BrandC,574,1 year(s)
97,Mouse 49,54,Affordable,719.11,407.48,SKU0275,BrandB,876,3 year(s)
98,Camera 11,70,Best seller,789.6,627.49,SKU0147,BrandE,557,3 year(s)
99,Laptop 23,44,Top rated,1283.61,645.1,SKU0011,BrandC,830,1 year(s)
100,Laptop 76,173,High quality,1393.55,1093.3,SKU0205,BrandC,6,1 year(s)
101,Keyboard 67,448,Best seller,307.38,204.63,SKU0080,BrandA,596,1 year(s)
102,Laptop 54,140,High quality,605.15,402.08,SKU0322,BrandE,219,3 year(s)
103,Mouse 97,235,Affordable,1132.82,851.7,SKU0305,BrandE,609,3 year(s)
104,Smartwatch 20,342,High quality,777.93,477.54,SKU0363,BrandB,580,1 year(s)
105,Smartphone 36,274,Best seller,562.81,380.9,SKU0123,BrandB,583,2 year(s)
106,Laptop 45,127,High quality,1110.64,639.5,SKU0441,BrandA,846,2 year(s)
107,Keyboard 39,475,Best seller,984.37,689.28,SKU0015,BrandA,727,2 year(s)
108,Speaker 6,372,Latest model,1246.74,926.81,SKU0384,BrandE,537,1 year(s)
109,Camera 58,271,Best seller,986.91,696.12,SKU0236,BrandB,873,1 year(s)
110,Tablet 31,67,Latest model,541.25,279.77,SKU0067,BrandE,800,2 year(s)
111,Mouse 73,6,Best seller,1436.07,1076.82,SKU0220,BrandB,646,2 year(s)
112,Camera 25,285,Top rated,968.15,578.08,SKU0396,BrandB,771,3 year(s)
113,Headphones 97,247,Latest model,830.32,509.28,SKU0363,BrandC,14,2 year(s)
114,Tablet 99,46,Affordable,890.05,566.3,SKU0402,BrandB,312,1 year(s)
115,Headphones 4,356,Top rated,963.83,607.45,SKU0481,BrandE,354,2 year(s)
116,Camera 43,197,Top rated,305.79,213.4,SKU0466,BrandC,25,3 year(s)
117,Keyboard 63,349,Top rated,1196.95,777.25,SKU0078,BrandD,502,1 year(s)
118,Monitor 37,283,Latest model,1145.14,826.74,SKU0329,BrandC,817,2 year(s)
119,Monitor 16,467,Affordable,158.22,96.73,SKU0456,BrandB,403,3 year(s)
120,Speaker 100,90,Affordable,1227.76,907.54,SKU0318,BrandC,289,1 year(s)
121,Tablet 76,89,High quality,1443.86,868.46,SKU0068,BrandB,264,1 year(s)
122,Monitor 73,414,High quality,252.62,151.21,SKU0239,BrandA,182,2 year(s)
123,Headphones 11,65,Latest model,257.1,196.87,SKU0430,BrandD,433,1 year(s)
124,Monitor 48,11,Top rated,437.0,226.49,SKU0197,BrandD,948,3 year(s)
125,Headphones 24,412,Best seller,1004.5,697.95,SKU0282,BrandC,525,3 year(s)
126,Monitor 14,12,Latest model,854.89,598.42,SKU0181,BrandB,851,3 year(s)
127,Mouse 26,419,High quality,443.33,283.21,SKU0173,BrandA,597,2 year(s)
128,Tablet 65,102,Affordable,302.08,151.51,SKU0297,BrandC,329,1 year(s)
129,Tablet 50,58,Affordable,108.41,74.21,SKU0383,BrandD,440,3 year(s)
130,Keyboard 49,137,Latest model,1290.06,713.34,SKU0331,BrandB,109,2 year(s)
131,Mouse 6,13,Top rated,1322.23,1051.25,SKU0378,BrandD,508,2 year(s)
132,Speaker 14,384,Top rated,454.48,322.82,SKU0151,BrandE,466,2 year(s)
133,Mouse 67,325,Affordable,1492.47,973.66,SKU0100,BrandC,442,1 year(s)
134,Headphones 47,74,High quality,684.04,396.81,SKU0496,BrandB,319,2 year(s)
135,Monitor 43,25,Latest model,1346.27,821.91,SKU0027,BrandE,335,3 year(s)
136,Camera 96,429,High quality,382.32,274.56,SKU0131,BrandB,817,2 year(s)
137,Monitor 54,283,Latest model,350.75,262.51,SKU0349,BrandD,460,3 year(s)
138,Headphones 98,473,Best seller,877.76,511.58,SKU0195,BrandB,502,2 year(s)
139,Laptop 80,189,Top rated,55.0,30.63,SKU0107,BrandB,356,3 year(s)
140,Camera 17,163,Affordable,1284.42,798.1,SKU0151,BrandA,340,2 year(s)
141,Keyboard 90,404,Best seller,1471.1,882.6,SKU0451,BrandC,137,2 year(s)
142,Laptop 12,428,High quality,732.28,410.5,SKU0235,BrandA,337,2 year(s)
143,Monitor 56,230,Affordable,1311.02,957.26,SKU0499,BrandE,511,2 year(s)
144,Speaker 89,377,Top rated,759.99,572.86,SKU0173,BrandB,522,3 year(s)
145,Smartwatch 72,478,Affordable,353.07,220.23,SKU0158,BrandD,621,2 year(s)
146,Speaker 76,171,Best seller,1484.7,1164.45,SKU0098,BrandC,53,3 year(s)
147,Laptop 69,6,Affordable,1166.95,788.0,SKU0176,BrandC,385,1 year(s)
148,Monitor 64,1,Latest model,346.85,213.6,SKU0068,BrandC,223,1 year(s)
149,Keyboard 62,380,Latest model,107.28,75.72,SKU0312,BrandC,158,2 year(s)
150,Laptop 81,367,Best seller,611.16,326.3,SKU0414,BrandC,324,3 year(s)
151,Mouse 87,392,Latest model,507.59,338.34,SKU0185,BrandE,315,2 year(s)
152,Keyboard 36,158,Affordable,640.12,491.1,SKU0437,BrandE,734,2 year(s)
153,Camera 64,481,Best seller,698.99,375.15,SKU0100,BrandA,327,1 year(s)
154,Smartphone 76,305,High quality,214.18,148.92,SKU0473,BrandD,253,3 year(s)
155,Camera 36,458,Affordable,1121.85,685.56,SKU0067,BrandA,700,1 year(s)
156,Smartwatch 90,428,Affordable,577.49,419.23,SKU0001,BrandD,180,1 year(s)
157,Keyboard 19,172,High quality,1135.65,827.76,SKU0248,BrandE,27,2 year(s)
158,Smartphone 18,272,Affordable,743.15,544.49,SKU0315,BrandD,826,3 year(s)
159,Headphones 18,469,High quality,1078.13,734.82,SKU0014,BrandB,219,3 year(s)
160,Smartwatch 31,242,Best seller,77.29,44.75,SKU0360,BrandE,239,1 year(s)
161,Mouse 14,113,Top rated,188.62,106.26,SKU0437,BrandA,626,2 year(s)
162,Monitor 46,85,Top rated,1075.85,829.76,SKU0101,BrandB,154,3 year(s)
163,Headphones 15,274,High quality,576.3,402.92,SKU0191,BrandD,990,2 year(s)
164,Monitor 33,116,Latest model,1038.78,587.73,SKU0500,BrandA,22,2 year(s)
165,Headphones 52,265,Best seller,1462.83,1039.73,SKU0418,BrandB,638,1 year(s)
166,Tablet 97,285,Affordable,56.4,43.2,SKU0464,BrandE,121,1 year(s)
167,Laptop 38,454,Best seller,556.22,434.2,SKU0361,BrandB,125,3 year(s)
168,Smartphone 57,370,High quality,493.68,325.07,SKU0128,BrandD,351,1 year(s)
169,Mouse 17,215,Latest model,1245.07,744.82,SKU0370,BrandE,706,1 year(s)
170,Monitor 7,226,Top rated,435.36,335.75,SKU0135,BrandE,557,1 year(s)
171,Speaker 82,189,High quality,746.22,528.98,SKU0115,BrandC,471,1 year(s)
172,Keyboard 99,402,Affordable,1165.26,636.8,SKU0489,BrandE,502,2 year(s)
173,Keyboard 20,217,Latest model,90.21,50.9,SKU0470,BrandB,57,3 year(s)
174,Keyboard 34,428,Affordable,224.66,176.42,SKU0312,BrandC,884,1 year(s)
175,Laptop 16,318,Best seller,920.65,573.53,SKU0337,BrandB,701,1 year(s)
176,Monitor 5,476,Affordable,1436.62,897.91,SKU0032,BrandB,855,3 year(s)
177,Camera 62,167,Top rated,544.32,381.45,SKU0266,BrandC,861,2 year(s)
178,Headphones 19,201,Affordable,1157.87,922.04,SKU0442,BrandE,482,2 year(s)
179,Camera 25,392,High quality,338.69,244.89,SKU0411,BrandE,71,3 year(s)
180,Smartphone 92,7,Top rated,1055.99,754.06,SKU0358,BrandE,649,1 year(s)
181,Headphones 35,251,High quality,505.97,325.82,SKU0387,BrandC,405,2 year(s)
182,Camera 36,279,Latest model,944.38,601.08,SKU0002,BrandA,159,3 year(s)
183,Laptop 29,19,Top rated,979.58,716.78,SKU0118,BrandE,416,1 year(s)
184,Smartphone 92,158,Latest model,478.27,345.06,SKU0024,BrandA,170,1 year(s)
185,Smartphone 55,185,Affordable,1247.86,659.71,SKU0052,BrandB,863,2 year(s)
186,Camera 82,180,Affordable,697.38,548.57,SKU0434,BrandD,716,3 year(s)
187,Smartphone 88,72,Top rated,347.29,217.92,SKU0270,BrandA,646,2 year(s)
188,Mouse 9,216,Best seller,996.86,609.03,SKU0312,BrandD,700,1 year(s)
189,Mouse 67,205,Best seller,632.77,394.56,SKU0478,BrandD,249,1 year(s)
190,Camera 47,27,Top rated,652.3,426.13,SKU0174,BrandE,151,1 year(s)
191,Headphones 28,231,Top rated,1435.09,989.62,SKU0184,BrandA,954,1 year(s)
192,Mouse 36,314,Best seller,740.21,397.12,SKU0001,BrandB,628,3 year(s)
193,Monitor 93,309,Best seller,1134.62,843.79,SKU0166,BrandA,755,2 year(s)
194,Speaker 99,31,Best seller,770.96,516.81,SKU0211,BrandD,729,2 year(s)
195,Mouse 11,445,High quality,790.19,440.41,SKU0118,BrandE,420,3 year(s)
196,Smartwatch 79,142,Latest model,287.33,146.19,SKU0458,BrandB,311,2 year(s)
197,Keyboard 51,205,High quality,277.43,145.96,SKU0299,BrandE,65,1 year(s)
198,Monitor 64,230,Top rated,563.97,423.97,SKU0493,BrandE,995,3 year(s)
199,Tablet 78,10,High quality,1073.36,557.22,SKU0151,BrandC,520,1 year(s)
200,Headphones 77,453,High quality,1477.22,777.8,SKU0328,BrandD,524,3 year(s)
201,Mouse 44,411,High quality,99.29,71.72,SKU0331,BrandD,138,2 year(s)
202,Keyboard 94,132,Best seller,638.97,340.61,SKU0202,BrandA,636,1 year(s)
203,Smartwatch 9,176,High quality,824.06,520.31,SKU0213,BrandB,757,3 year(s)
204,Laptop 18,21,Latest model,1147.65,804.93,SKU0343,BrandC,877,2 year(s)
205,Speaker 52,162,Top rated,986.4,691.37,SKU0295,BrandA,637,1 year(s)
206,Smartwatch 38,139,Best seller,505.78,382.88,SKU0043,BrandA,24,3 year(s)
207,Laptop 92,408,Best seller,1032.43,718.54,SKU0045,BrandA,498,2 year(s)
208,Monitor 87,166,Affordable,577.32,442.1,SKU0009,BrandC,795,1 year(s)
209,Headphones 63,260,Latest model,1340.62,694.76,SKU0386,BrandD,469,3 year(s)
210,Camera 64,372,Best seller,701.53,496.92,SKU0196,BrandC,869,2 year(s)
211,Monitor 69,198,Best seller,629.02,389.75,SKU0281,BrandE,796,3 year(s)
212,Keyboard 61,165,Best seller,667.09,443.16,SKU0135,BrandC,921,1 year(s)
213,Camera 71,282,Top rated,556.18,393.78,SKU0372,BrandA,937,2 year(s)
214,Camera 96,282,High quality,1082.13,623.88,SKU0031,BrandC,525,2 year(s)
215,Headphones 83,110,Affordable,919.4,694.55,SKU0022,BrandD,599,2 year(s)
216,Keyboard 11,496,Best seller,1272.1,981.21,SKU0082,BrandC,237,2 year(s)
217,Speaker 95,252,Affordable,1420.12,1127.2,SKU0054,BrandD,269,2 year(s)
218,Smartwatch 20,424,Best seller,1497.04,907.37,SKU0191,BrandA,575,3 year(s)
219,Speaker 91,358,High quality,971.55,630.8,SKU0410,BrandD,392,1 year(s)
220,Headphones 13,175,Latest model,253.57,182.34,SKU0405,BrandB,769,3 year(s)
221,Laptop 87,387,Best seller,196.75,113.36,SKU0108,BrandD,644,1 year(s)
222,Mouse 86,221,High quality,1189.62,642.82,SKU0204,BrandB,584,2 year(s)
223,Camera 37,360,Affordable,1208.89,702.52,SKU0289,BrandD,534,3 year(s)
224,Keyboard 5,300,Affordable,687.21,509.89,SKU0143,BrandE,746,2 year(s)
225,Speaker 63,252,Best seller,385.79,219.96,SKU0219,BrandE,547,2 year(s)
226,Monitor 78,286,Latest model,1237.26,714.81,SKU0405,BrandC,223,3 year(s)
227,Smartphone 50,377,Affordable,150.8,102.96,SKU0119,BrandE,489,1 year(s)
228,Monitor 44,385,Latest model,1242.18,724.72,SKU0386,BrandB,413,2 year(s)
229,Camera 12,56,Top rated,751.63,555.3,SKU0285,BrandC,119,3 year(s)
230,Keyboard 97,339,Best seller,1459.25,752.35,SKU0451,BrandC,839,1 year(s)
231,Speaker 21,243,Affordable,433.63,312.72,SKU0408,BrandD,915,1 year(s)
232,Keyboard 21,238,Best seller,1257.88,655.12,SKU0488,BrandA,478,3 year(s)
233,Smartwatch 34,61,Top rated,1163.56,920.15,SKU0471,BrandB,589,3 year(s)
234,Mouse 87,223,Affordable,685.69,449.05,SKU0239,BrandA,245,1 year(s)
235,Headphones 50,427,High quality,157.02,89.68,SKU0413,BrandC,940,1 year(s)
236,Smartphone 5,312,Top rated,969.29,577.82,SKU0372,BrandB,110,2 year(s)
237,Camera 45,341,High quality,1198.62,900.67,SKU0425,BrandD,582,1 year(s)
238,Monitor 36,239,Affordable,800.07,457.21,SKU0339,BrandA,15,2 year(s)
239,Laptop 95,61,Best seller,154.85,119.48,SKU0036,BrandC,947,2 year(s)
240,Headphones 88,232,Best seller,1374.94,737.74,SKU0488,BrandB,685,1 year(s)
241,Smartphone 69,372,Best seller,326.82,258.75,SKU0325,BrandE,830,1 year(s)
242,Laptop 16,476,Top rated,957.83,733.17,SKU0240,BrandC,132,3 year(s)
243,Tablet 41,373,High quality,730.85,540.06,SKU0314,BrandE,337,1 year(s)
244,Smartphone 41,301,Latest model,407.36,234.73,SKU0199,BrandD,502,1 year(s)
245,Smartphone 65,287,Affordable,1033.14,818.92,SKU0328,BrandA,207,3 year(s)
246,Smartphone 16,53,Top rated,227.66,126.91,SKU0245,BrandD,141,2 year(s)
247,Headphones 91,272,Affordable,578.4,410.73,SKU0468,BrandD,522,3 year(s)
248,Smartphone 76,117,Affordable,540.9,396.2,SKU0387,BrandE,995,3 year(s)
249,Speaker 48,310,Top rated,315.92,201.31,SKU0419,BrandE,747,2 year(s)
250,Tablet 12,120,Latest model,413.28,307.12,SKU0411,BrandC,260,3 year(s)
251,Keyboard 16,71,Affordable,212.84,166.85,SKU0457,BrandB,613,1 year(s)
252,Headphones 77,386,Affordable,227.37,113.87,SKU0169,BrandB,521,2 year(s)
253,Mouse 59,438,Top rated,579.62,445.95,SKU0411,BrandC,12,3 year(s)
254,Laptop 41,427,Top rated,1159.92,603.23,SKU0351,BrandB,444,1 year(s)
255,Keyboard 76,495,Affordable,1210.77,719.86,SKU0102,BrandD,899,1 year(s)
256,Smartwatch 24,483,Best seller,930.01,479.49,SKU0291,BrandD,502,2 year(s)
257,Speaker 17,80,Top rated,749.07,582.46,SKU0261,BrandD,962,3 year(s)
258,Monitor 60,132,Top rated,874.83,496.57,SKU0470,BrandA,303,1 year(s)
259,Mouse 96,405,High quality,956.84,511.57,SKU0179,BrandB,129,1 year(s)
260,Headphones 33,237,High quality,929.63,601.58,SKU0496,BrandC,369,3 year(s)
261,Mouse 66,45,Top rated,919.36,655.69,SKU0180,BrandD,487,2 year(s)
262,Speaker 55,77,High quality,402.17,282.02,SKU0279,BrandB,791,1 year(s)
263,Camera 97,234,Top rated,422.67,216.95,SKU0449,BrandB,684,3 year(s)
264,Tablet 89,327,Latest model,1120.6,627.2,SKU0484,BrandD,695,1 year(s)
265,Monitor 12,78,Top rated,1331.54,734.78,SKU0243,BrandE,124,1 year(s)
266,Tablet 93,187,Affordable,1181.13,765.68,SKU0448,BrandC,522,3 year(s)
267,Camera 26,146,Best seller,493.63,342.14,SKU0146,BrandA,939,2 year(s)
268,Keyboard 55,342,Best seller,226.79,156.22,SKU0097,BrandE,521,3 year(s)
269,Smartwatch 92,228,Best seller,370.78,216.07,SKU0431,BrandB,647,3 year(s)
270,Keyboard 53,280,High quality,935.66,649.34,SKU0439,BrandA,344,2 year(s)
271,Tablet 66,22,High quality,156.28,91.9,SKU0419,BrandC,853,2 year(s)
272,Headphones 59,210,Best seller,1106.76,864.27,SKU0021,BrandC,43,1 year(s)
273,Tablet 93,55,High quality,1185.56,932.11,SKU0448,BrandE,337,3 year(s)
274,Headphones 41,305,Top rated,1229.84,786.76,SKU0376,BrandB,860,1 year(s)
275,Smartwatch 36,194,Latest model,180.19,100.59,SKU0404,BrandA,76,3 year(s)
276,Camera 60,142,Best seller,1101.59,690.59,SKU0208,BrandD,303,3 year(s)
277,Smartwatch 52,180,Affordable,1237.28,936.91,SKU0121,BrandE,0,3 year(s)
278,Laptop 17,1,High quality,1058.52,663.42,SKU0097,BrandE,132,2 year(s)
279,Tablet 39,405,High quality,1355.65,799.16,SKU0499,BrandD,439,3 year(s)
280,Tablet 73,448,Best seller,900.62,653.76,SKU0434,BrandE,861,2 year(s)
281,Monitor 77,274,Top rated,275.68,196.33,SKU0439,BrandA,110,3 year(s)
282,Keyboard 69,26,Latest model,925.36,579.76,SKU0294,BrandC,323,2 year(s)
283,Headphones 15,309,Latest model,1323.33,834.68,SKU0003,BrandE,669,2 year(s)
284,Mouse 2,267,High quality,1497.49,1076.01,SKU0334,BrandA,886,2 year(s)
285,Monitor 92,373,High quality,587.18,451.82,SKU0370,BrandA,34,2 year(s)
286,Camera 56,126,Affordable,946.39,704.08,SKU0416,BrandD,54,2 year(s)
287,Tablet 2,18,Best seller,641.47,455.24,SKU0476,BrandD,958,1 year(s)
288,Headphones 29,183,Best seller,300.04,150.25,SKU0423,BrandA,239,1 year(s)
289,Smartwatch 77,40,Top rated,656.54,329.88,SKU0157,BrandC,973,2 year(s)
290,Speaker 2,122,Affordable,518.22,399.55,SKU0164,BrandE,963,3 year(s)
291,Mouse 45,325,Affordable,679.33,422.79,SKU0116,BrandC,962,3 year(s)
292,Smartphone 73,9,Top rated,1460.41,902.73,SKU0401,BrandE,436,2 year(s)
293,Speaker 48,236,Top rated,1372.72,688.09,SKU0158,BrandD,14,1 year(s)
294,Speaker 5,327,Affordable,428.63,313.38,SKU0295,BrandC,27,3 year(s)
295,Laptop 57,55,Latest model,205.74,146.56,SKU0285,BrandA,560,2 year(s)
296,Laptop 45,472,Top rated,1452.12,1124.81,SKU0131,BrandC,487,1 year(s)
297,Speaker 93,350,Top rated,455.18,235.76,SKU0479,BrandC,284,3 year(s)
298,Smartphone 68,73,Top rated,446.78,299.5,SKU0154,BrandA,210,1 year(s)
299,Keyboard 38,164,Affordable,1367.84,949.24,SKU0337,BrandE,868,3 year(s)
300,Speaker 81,267,Affordable,1289.0,974.91,SKU0254,BrandC,530,2 year(s)
301,Mouse 1,106,High quality,1193.79,857.33,SKU0398,BrandB,141,1 year(s)
302,Laptop 32,369,Best seller,341.46,254.66,SKU0404,BrandA,500,2 year(s)
303,Monitor 98,133,Top rated,1410.07,818.01,SKU0121,BrandD,136,2 year(s)
304,Camera 10,241,Top rated,389.45,295.78,SKU0010,BrandE,486,3 year(s)
305,Headphones 75,242,High quality,455.78,247.9,SKU0297,BrandE,880,3 year(s)
306,Monitor 13,90,Affordable,1471.82,768.15,SKU0441,BrandC,918,1 year(s)
307,Keyboard 19,151,Affordable,1431.49,919.56,SKU0411,BrandD,937,2 year(s)
308,Monitor 14,122,Best seller,303.02,233.56,SKU0370,BrandA,140,3 year(s)
309,Headphones 12,161,Latest model,406.77,245.11,SKU0094,BrandD,71,1 year(s)
310,Monitor 34,162,Latest model,487.44,340.05,SKU0109,BrandB,421,1 year(s)
311,Laptop 90,332,Best seller,1294.3,737.33,SKU0454,BrandA,851,1 year(s)
312,Smartwatch 66,151,Affordable,1446.25,1095.69,SKU0434,BrandA,136,2 year(s)
313,Keyboard 68,56,Top rated,887.92,474.51,SKU0389,BrandB,298,1 year(s)
314,Camera 30,281,Best seller,71.69,56.17,SKU0462,BrandE,186,2 year(s)
315,Laptop 46,288,Top rated,246.08,163.4,SKU0169,BrandD,283,2 year(s)
316,Tablet 77,342,Latest model,183.27,103.97,SKU0363,BrandE,619,1 year(s)
317,Smartphone 52,140,High quality,445.73,322.96,SKU0262,BrandC,372,2 year(s)
318,Mouse 16,156,Best seller,1289.74,699.42,SKU0287,BrandB,290,2 year(s)
319,Camera 80,161,Best seller,1466.63,1089.75,SKU0005,BrandC,330,1 year(s)
320,Laptop 64,203,High quality,1129.67,591.63,SKU0495,BrandB,298,2 year(s)
321,Laptop 66,471,Affordable,182.55,119.14,SKU0439,BrandB,142,3 year(s)
322,Tablet 37,13,Best seller,105.43,73.34,SKU0266,BrandC,476,3 year(s)
323,Keyboard 4,31,Affordable,328.44,215.2,SKU0282,BrandA,42,3 year(s)
324,Keyboard 27,335,Affordable,1278.22,671.76,SKU0474,BrandA,209,2 year(s)
325,Speaker 17,328,High quality,69.58,38.77,SKU0361,BrandC,182,3 year(s)
326,Monitor 63,233,Best seller,390.78,312.42,SKU0376,BrandA,114,1 year(s)
327,Laptop 38,483,Affordable,1040.54,640.84,SKU0490,BrandD,612,1 year(s)
328,Laptop 94,420,High quality,547.34,292.53,SKU0457,BrandB,658,3 year(s)
329,Smartwatch 9,497,Latest model,872.58,515.37,SKU0112,BrandC,563,3 year(s)
330,Headphones 52,387,High quality,928.23,649.93,SKU0223,BrandE,772,1 year(s)
331,Tablet 2,231,Latest model,792.99,532.93,SKU0250,BrandA,752,3 year(s)
332,Camera 60,371,Best seller,1494.04,1078.51,SKU0284,BrandE,475,3 year(s)
333,Keyboard 12,25,Top rated,229.19,152.02,SKU0340,BrandB,905,2 year(s)
334,Camera 40,327,Affordable,426.09,333.32,SKU0237,BrandB,851,1 year(s)
335,Tablet 33,133,Top rated,1239.72,810.6,SKU0239,BrandC,841,1 year(s)
336,Keyboard 12,393,Affordable,254.61,145.69,SKU0227,BrandE,355,3 year(s)
337,Smartphone 49,420,Latest model,1386.81,849.36,SKU0492,BrandC,205,3 year(s)
338,Monitor 15,199,Best seller,204.43,161.79,SKU0010,BrandD,277,1 year(s)
339,Tablet 75,406,Best seller,1151.03,602.75,SKU0072,BrandA,358,3 year(s)
340,Camera 1,278,Top rated,244.21,143.21,SKU0161,BrandA,469,1 year(s)
341,Headphones 21,477,High quality,398.47,227.48,SKU0069,BrandD,738,1 year(s)
342,Smartphone 66,89,Affordable,438.97,331.17,SKU0082,BrandE,92,1 year(s)
343,Keyboard 45,443,Affordable,582.11,406.95,SKU0237,BrandD,197,2 year(s)
344,Keyboard 16,165,High quality,928.78,567.52,SKU0070,BrandB,74,3 year(s)
345,Mouse 73,33,Top rated,1102.32,567.3,SKU0189,BrandB,453,1 year(s)
346,Smartphone 4,243,Best seller,563.66,425.47,SKU0403,BrandD,140,2 year(s)
347,Smartwatch 74,114,Affordable,948.83,751.53,SKU0230,BrandC,471,2 year(s)
348,Monitor 95,371,High quality,156.25,84.55,SKU0356,BrandA,535,3 year(s)
349,Camera 26,222,High quality,215.08,109.44,SKU0394,BrandE,243,1 year(s)
350,Camera 91,407,Affordable,765.65,400.75,SKU0244,BrandE,926,2 year(s)
351,Headphones 26,405,Best seller,835.49,599.41,SKU0089,BrandE,443,1 year(s)
352,Headphones 53,330,Best seller,1138.05,622.48,SKU0206,BrandE,429,2 year(s)
353,Smartphone 83,172,High quality,906.75,466.65,SKU0479,BrandE,874,3 year(s)
354,Headphones 80,67,Latest model,678.6,415.5,SKU0381,BrandD,968,1 year(s)
355,Headphones 51,254,Top rated,818.27,558.62,SKU0137,BrandD,222,2 year(s)
356,Laptop 86,97,Latest model,1385.84,1015.95,SKU0287,BrandC,847,3 year(s)
357,Keyboard 70,117,Best seller,1240.33,766.14,SKU0256,BrandC,235,1 year(s)
358,Smartwatch 27,359,High quality,911.23,512.97,SKU0293,BrandE,578,2 year(s)
359,Laptop 27,480,Best seller,1483.73,893.36,SKU0447,BrandA,66,2 year(s)
360,Smartphone 98,304,Top rated,1472.09,1022.44,SKU0016,BrandD,962,2 year(s)
361,Smartphone 55,364,Latest model,1189.18,795.4,SKU0163,BrandB,983,2 year(s)
362,Headphones 60,188,Latest model,172.48,87.94,SKU0138,BrandB,930,3 year(s)
363,Tablet 6,249,Top rated,1241.97,971.36,SKU0306,BrandC,538,2 year(s)
364,Camera 74,271,High quality,700.81,426.33,SKU0283,BrandD,603,3 year(s)
365,Speaker 79,128,Affordable,344.11,243.5,SKU0368,BrandE,427,2 year(s)
366,Keyboard 78,344,High quality,696.88,461.42,SKU0257,BrandB,611,3 year(s)
367,Keyboard 21,450,High quality,1105.75,588.38,SKU0362,BrandC,824,3 year(s)
368,Smartphone 74,334,High quality,1447.43,927.31,SKU0123,BrandA,539,1 year(s)
369,Speaker 49,487,Top rated,725.18,368.58,SKU0364,BrandA,282,3 year(s)
370,Smartphone 36,208,Latest model,230.41,117.92,SKU0132,BrandE,672,3 year(s)
371,Smartphone 62,203,Top rated,397.87,271.23,SKU0355,BrandE,380,1 year(s)
372,Smartphone 67,28,Affordable,1013.96,584.84,SKU0283,BrandB,148,3 year(s)
373,Monitor 40,401,Affordable,427.21,317.19,SKU0162,BrandA,947,3 year(s)
374,Keyboard 18,50,High quality,247.59,137.06,SKU0208,BrandC,148,2 year(s)
375,Camera 62,126,Top rated,250.85,142.29,SKU0428,BrandB,137,3 year(s)
376,Camera 90,264,Top rated,393.2,296.58,SKU0323,BrandB,854,2 year(s)
377,Speaker 39,98,Latest model,166.33,91.17,SKU0031,BrandD,74,1 year(s)
378,Smartwatch 8,338,High quality,76.32,50.3,SKU0264,BrandC,697,1 year(s)
379,Camera 87,341,Affordable,661.45,404.16,SKU0246,BrandB,632,2 year(s)
380,Headphones 2,481,Best seller,1398.16,950.25,SKU0198,BrandC,666,2 year(s)
381,Speaker 67,107,Top rated,610.3,345.18,SKU0166,BrandB,572,3 year(s)
382,Mouse 23,313,Top rated,242.15,164.4,SKU0488,BrandC,195,2 year(s)
383,Mouse 60,174,High quality,541.9,297.52,SKU0189,BrandC,13,3 year(s)
384,Keyboard 29,291,High quality,491.01,372.34,SKU0206,BrandD,676,2 year(s)
385,Monitor 37,54,Top rated,902.48,578.29,SKU0262,BrandA,162,1 year(s)
386,Mouse 39,483,Best seller,786.48,484.8,SKU0310,BrandB,801,1 year(s)
387,Monitor 33,375,Best seller,967.73,670.29,SKU0465,BrandB,484,1 year(s)
388,Monitor 94,337,Affordable,103.97,54.15,SKU0219,BrandA,695,1 year(s)
389,Smartphone 56,169,Best seller,70.87,39.3,SKU0304,BrandC,7,3 year(s)
390,Speaker 49,16,Top rated,448.71,242.93,SKU0044,BrandD,647,3 year(s)
391,Smartphone 89,203,Latest model,354.6,200.92,SKU0346,BrandB,230,3 year(s)
392,Monitor 83,41,Affordable,947.7,659.66,SKU0182,BrandA,482,2 year(s)
393,Tablet 64,215,Affordable,450.38,342.34,SKU0267,BrandB,3,3 year(s)
394,Laptop 52,141,Affordable,391.15,290.33,SKU0373,BrandD,775,3 year(s)
395,Mouse 36,484,Best seller,580.96,315.31,SKU0296,BrandC,27,1 year(s)
396,Smartwatch 34,217,Best seller,1294.86,711.2,SKU0483,BrandB,561,3 year(s)
397,Monitor 82,15,Top rated,530.07,366.76,SKU0403,BrandE,861,1 year(s)
398,Headphones 69,169,High quality,1005.26,764.7,SKU0149,BrandC,903,2 year(s)
399,Speaker 99,104,Latest model,507.91,399.56,SKU0226,BrandD,397,2 year(s)
400,Monitor 81,41,Latest model,157.06,112.4,SKU0166,BrandA,472,2 year(s)
401,Tablet 6,231,High quality,728.47,563.54,SKU0221,BrandC,461,1 year(s)
402,Tablet 25,490,Affordable,1495.69,809.42,SKU0006,BrandC,191,2 year(s)
403,Headphones 28,69,Affordable,1252.26,923.45,SKU0016,BrandE,211,3 year(s)
404,Mouse 71,84,Best seller,778.51,499.26,SKU0202,BrandB,641,1 year(s)
405,Smartwatch 59,333,High quality,1351.06,865.96,SKU0008,BrandD,942,3 year(s)
406,Camera 97,334,High quality,551.3,311.72,SKU0066,BrandC,841,1 year(s)
407,Keyboard 2,216,Affordable,422.81,271.58,SKU0209,BrandB,138,3 year(s)
408,Laptop 24,442,Latest model,947.56,534.99,SKU0336,BrandE,371,1 year(s)
409,Monitor 97,392,Affordable,991.5,703.65,SKU0242,BrandA,199,1 year(s)
410,Smartphone 60,292,Top rated,990.7,532.76,SKU0251,BrandE,709,2 year(s)
411,Smartphone 8,38,Affordable,1139.6,581.57,SKU0028,BrandA,279,1 year(s)
412,Laptop 54,117,Affordable,482.06,303.05,SKU0401,BrandA,681,2 year(s)
413,Headphones 80,443,Best seller,961.75,687.48,SKU0432,BrandC,348,1 year(s)
414,Monitor 50,80,Top rated,603.7,336.99,SKU0434,BrandE,792,1 year(s)
415,Camera 81,99,Best seller,438.79,265.48,SKU0357,BrandC,824,2 year(s)
416,Smartphone 13,184,Top rated,190.66,140.04,SKU0382,BrandD,537,1 year(s)
417,Monitor 72,124,Affordable,568.37,438.45,SKU0215,BrandE,303,2 year(s)
418,Tablet 51,358,High quality,111.65,83.07,SKU0483,BrandC,321,3 year(s)
419,Mouse 1,454,High quality,56.01,36.64,SKU0286,BrandB,63,2 year(s)
420,Keyboard 57,134,Top rated,289.78,179.3,SKU0205,BrandA,491,2 year(s)
421,Tablet 52,162,Latest model,1267.4,722.58,SKU0115,BrandE,645,2 year(s)
422,Camera 64,70,Affordable,1225.42,810.24,SKU0471,BrandC,971,2 year(s)
423,Speaker 97,57,Latest model,270.51,163.7,SKU0156,BrandE,297,2 year(s)
424,Monitor 5,138,Best seller,202.09,145.49,SKU0134,BrandB,718,3 year(s)
425,Monitor 92,268,Top rated,1455.81,903.54,SKU0393,BrandC,80,1 year(s)
426,Keyboard 10,122,High quality,53.15,38.59,SKU0317,BrandB,461,2 year(s)
427,Smartphone 32,196,Latest model,723.67,458.61,SKU0390,BrandE,776,2 year(s)
428,Keyboard 2,44,Top rated,387.15,295.81,SKU0487,BrandA,387,2 year(s)
429,Smartwatch 31,142,Top rated,710.17,461.05,SKU0036,BrandB,930,1 year(s)
430,Mouse 78,44,Affordable,983.45,705.41,SKU0346,BrandD,522,2 year(s)
431,Smartphone 31,250,Best seller,618.38,468.01,SKU0245,BrandB,880,2 year(s)
432,Laptop 38,246,Latest model,1236.45,625.6,SKU0143,BrandB,95,2 year(s)
433,Tablet 97,488,Affordable,988.14,692.99,SKU0009,BrandD,842,2 year(s)
434,Laptop 35,318,Affordable,1424.02,1053.59,SKU0463,BrandD,210,3 year(s)
435,Monitor 85,436,Affordable,669.02,495.92,SKU0323,BrandB,79,1 year(s)
436,Smartphone 35,36,Affordable,626.96,409.08,SKU0351,BrandA,942,3 year(s)
437,Smartphone 2,485,High quality,1110.8,569.32,SKU0387,BrandC,691,2 year(s)
438,Mouse 7,248,High quality,972.68,546.87,SKU0178,BrandD,446,1 year(s)
439,Tablet 33,382,Top rated,218.78,158.6,SKU0121,BrandE,874,3 year(s)
440,Keyboard 95,2,Latest model,1234.64,621.82,SKU0135,BrandC,223,1 year(s)
441,Laptop 41,26,Best seller,1375.9,1062.07,SKU0216,BrandC,788,3 year(s)
442,Speaker 80,235,Best seller,1414.37,770.77,SKU0371,BrandC,550,2 year(s)
443,Tablet 95,291,Top rated,850.36,465.17,SKU0222,BrandC,227,3 year(s)
444,Speaker 35,334,Latest model,1143.3,617.8,SKU0079,BrandD,939,1 year(s)
445,Smartphone 40,361,Top rated,1116.76,596.46,SKU0342,BrandB,125,1 year(s)
446,Tablet 33,316,Latest model,305.21,209.07,SKU0337,BrandB,740,1 year(s)
447,Camera 7,284,High quality,1151.79,708.81,SKU0384,BrandB,726,1 year(s)
448,Camera 7,92,Latest model,958.29,534.02,SKU0049,BrandC,642,3 year(s)
449,Speaker 44,195,Latest model,1393.72,909.84,SKU0064,BrandC,61,2 year(s)
450,Tablet 15,163,Best seller,1421.87,1011.31,SKU0480,BrandE,245,2 year(s)
451,Keyboard 61,177,Top rated,545.82,410.17,SKU0255,BrandB,376,3 year(s)
452,Keyboard 16,42,High quality,1091.64,588.42,SKU0376,BrandE,478,2 year(s)
453,Headphones 28,393,Latest model,193.11,121.88,SKU0056,BrandC,667,1 year(s)
454,Monitor 16,154,Latest model,256.24,197.59,SKU0040,BrandA,6,2 year(s)
455,Smartphone 69,235,Best seller,844.01,480.03,SKU0242,BrandC,945,1 year(s)
456,Smartwatch 57,252,Latest model,1339.81,865.34,SKU0433,BrandE,832,2 year(s)
457,Laptop 53,476,Top rated,365.63,191.4,SKU0349,BrandA,533,2 year(s)
458,Keyboard 3,390,High quality,434.42,328.96,SKU0132,BrandE,537,2 year(s)
459,Smartwatch 75,317,Top rated,1495.39,791.39,SKU0259,BrandC,914,1 year(s)
460,Keyboard 92,471,Affordable,365.19,248.58,SKU0244,BrandB,707,3 year(s)
461,Headphones 22,119,Best seller,1234.02,777.27,SKU0421,BrandB,174,2 year(s)
462,Tablet 13,43,Best seller,443.55,331.26,SKU0475,BrandD,931,2 year(s)
463,Tablet 86,297,High quality,313.83,249.13,SKU0430,BrandA,469,2 year(s)
464,Speaker 6,141,Best seller,766.18,427.0,SKU0287,BrandE,324,3 year(s)
465,Laptop 81,219,Best seller,1158.4,628.65,SKU0120,BrandE,46,2 year(s)
466,Camera 33,423,Best seller,1097.32,691.33,SKU0162,BrandE,102,2 year(s)
467,Smartwatch 56,68,Latest model,179.76,121.95,SKU0291,BrandE,585,2 year(s)
468,Tablet 85,444,Affordable,872.09,444.07,SKU0226,BrandA,870,3 year(s)
469,Smartwatch 2,489,Affordable,226.65,155.28,SKU0325,BrandB,908,1 year(s)
470,Smartphone 90,140,Top rated,615.93,320.88,SKU0136,BrandC,492,1 year(s)
471,Keyboard 5,366,Latest model,223.41,156.68,SKU0314,BrandA,552,3 year(s)
472,Smartphone 61,33,High quality,1049.73,672.5,SKU0134,BrandA,556,2 year(s)
473,Laptop 13,111,Latest model,942.09,516.38,SKU0303,BrandB,551,1 year(s)
474,Laptop 23,281,Top rated,467.29,333.7,SKU0234,BrandE,646,3 year(s)
475,Tablet 33,145,High quality,51.9,29.94,SKU0142,BrandA,943,2 year(s)
476,Tablet 47,388,Top rated,1304.67,828.26,SKU0228,BrandA,71,3 year(s)
477,Laptop 61,355,Top rated,943.8,596.19,SKU0464,BrandB,667,2 year(s)
478,Speaker 87,325,Latest model,298.26,195.66,SKU0476,BrandE,725,1 year(s)
479,Mouse 68,26,Best seller,738.9,456.36,SKU0406,BrandD,244,1 year(s)
480,Headphones 91,194,Best seller,1224.55,979.38,SKU0196,BrandE,993,3 year(s)
481,Headphones 24,220,Top rated,1373.54,1093.5,SKU0093,BrandA,30,1 year(s)
482,Mouse 33,229,Affordable,977.16,650.5,SKU0014,BrandA,803,3 year(s)
483,Camera 84,44,Latest model,410.87,280.37,SKU0284,BrandC,339,1 year(s)
484,Tablet 45,298,Top rated,132.14,69.79,SKU0102,BrandA,651,1 year(s)
485,Mouse 70,225,Affordable,923.18,601.06,SKU0235,BrandC,502,2 year(s)
486,Tablet 19,210,Latest model,563.38,402.7,SKU0395,BrandE,229,1 year(s)
487,Tablet 11,95,Latest model,498.96,389.53,SKU0067,BrandD,2,1 year(s)
488,Laptop 1,425,Best seller,352.88,272.84,SKU0495,BrandA,132,2 year(s)
489,Monitor 95,402,Best seller,425.34,316.23,SKU0119,BrandB,61,3 year(s)
490,Smartphone 34,478,Best seller,1071.64,542.12,SKU0416,BrandD,919,2 year(s)
491,Smartphone 57,327,High quality,72.39,55.09,SKU0240,BrandA,504,1 year(s)
492,Smartwatch 33,488,Best seller,871.82,512.04,SKU0320,BrandB,229,2 year(s)
493,Smartphone 73,337,Latest model,211.17,143.28,SKU0148,BrandD,395,1 year(s)
494,Camera 70,362,Affordable,1228.46,798.6,SKU0380,BrandE,243,3 year(s)
495,Laptop 13,284,Top rated,1055.8,561.75,SKU0321,BrandE,52,2 year(s)
496,Tablet 57,281,High quality,287.94,190.84,SKU0154,BrandC,413,1 year(s)
497,Laptop 66,478,Affordable,1107.16,808.82,SKU0008,BrandE,354,1 year(s)
498,Speaker 13,323,Affordable,1292.18,701.66,SKU0314,BrandD,63,3 year(s)
499,Monitor 33,359,Affordable,106.78,61.64,SKU0152,BrandA,929,2 year(s)
500,Laptop 24,163,Best seller,684.29,432.82,SKU0124,BrandD,238,1 year(s)
