AccessID,CustomerID,PageVisited,VisitDate,VisitTime,DeviceType,Browser,EntryPage,ExitPage,SessionDuration,IP_Address
0ae00966-0e5c-46be-b826-2bdc140f9a17,60,http://franco-smith.org/,2024-01-27,22:55:36,Desktop,Chrome,https://foster-myers.com/,https://cox-wallace.com/,434,129.85.37.182
1dfc6728-dca7-40f7-a7b2-9403a74b3d32,19,http://www.johnson-paul.com/,2024-02-28,02:24:46,Desktop,Firefox,http://tran.com/,http://page.com/,428,122.29.23.132
a5851380-50e3-486d-8548-0684925f714a,22,http://silva-bowman.com/,2024-02-26,14:37:54,Desktop,Chrome,http://www.hayes-norris.com/,http://faulkner.info/,97,44.190.53.72
732a8319-2b00-4c91-86d9-61bcf7bae410,30,http://johnson-vega.net/,2024-03-02,23:08:20,Tablet,Chrome,https://www.blevins-kim.biz/,https://sanchez.com/,86,100.5.218.36
a441bd23-8283-4bb2-b87c-1f8b3ace0181,21,http://www.williams.com/,2024-05-08,04:48:39,Desktop,Firefox,http://castillo.com/,https://www.mills.com/,201,146.125.164.169
3205f732-7ca7-41d0-b183-60dba336111b,22,https://smith.com/,2024-01-02,22:46:25,Desktop,Firefox,http://savage.info/,http://www.hayes-burke.com/,566,218.61.105.47
150b7c85-822f-4981-acec-9942e7349b9b,39,https://tyler-farmer.com/,2024-03-13,04:45:04,Mobile,Edge,https://www.byrd.com/,https://www.becker.com/,575,97.25.120.166
6e1237ab-c4e1-4bf4-85e0-6f6b8a5425f8,10,http://www.ryan.com/,2024-04-18,11:04:34,Desktop,Safari,https://www.huber.com/,https://gardner.com/,344,208.111.252.195
c076f874-25e7-4ced-b208-6a40730a21af,51,https://www.randall.net/,2024-04-09,17:19:40,Desktop,Firefox,http://church.com/,https://esparza.info/,490,166.177.203.151
7bdbcbfd-7532-4f8a-bd96-5de053495243,23,https://www.rivera.com/,2024-05-31,05:18:03,Mobile,Chrome,https://www.holmes.net/,https://www.williams-flynn.com/,435,42.59.185.110
cae918de-cdf9-4ad4-9fe5-7dd16afb20fb,91,https://www.mora.com/,2024-02-22,10:43:51,Mobile,Edge,http://perez-jensen.com/,https://daniels.net/,504,156.96.107.126
7080abc2-138e-4bc0-b6e9-64100d7a6b03,87,http://graves-keller.net/,2024-04-05,13:24:26,Tablet,Chrome,http://odom-lucero.com/,https://www.little.com/,485,109.50.54.127
5369b945-00a8-43e6-8595-91283b6aee78,27,http://anderson-bailey.com/,2024-03-15,22:03:06,Mobile,Safari,https://taylor.com/,https://www.holt-mclaughlin.com/,75,200.87.131.72
42d955b3-aa56-4ff5-9de8-23000c6e51fc,88,http://www.stanley.org/,2024-03-29,04:46:52,Desktop,Chrome,http://king.com/,http://www.bryan-ward.com/,279,151.149.247.64
4c426c2a-40ce-4c94-a4bf-e95ce1d67c91,91,https://myers.info/,2024-01-02,01:58:09,Mobile,Safari,https://www.smith.com/,http://crawford-liu.com/,521,176.63.199.167
65d0e8f9-760d-4129-942b-4835744178b9,37,https://myers-brown.com/,2024-01-27,14:12:11,Mobile,Firefox,http://www.jimenez-rogers.org/,https://www.gutierrez-mendez.com/,441,112.209.27.182
cd89ae80-523d-4185-bbde-6ee50c044f2f,49,https://www.gutierrez.com/,2024-04-19,19:54:30,Desktop,Edge,https://www.griffin.com/,http://medina.info/,522,199.233.32.173
7f8ed9f9-437c-4b43-8622-722623aa677e,66,https://mcknight-richard.com/,2024-05-04,10:12:14,Desktop,Safari,https://www.ford-moody.info/,http://howard-moon.com/,59,211.111.248.208
b58ce05b-8a0d-4db0-b2b9-6ac2b48088ae,90,http://yang-turner.org/,2024-03-18,06:28:25,Desktop,Chrome,http://www.thompson.com/,https://www.rosales.org/,269,137.235.72.62
3f52d6d2-afa2-40ad-995a-15c754fcb39d,17,http://www.castaneda-gibson.com/,2024-06-09,03:06:09,Desktop,Firefox,https://sharp.com/,https://thomas.biz/,71,50.137.184.86
f9328e3f-00aa-4457-9cb0-e4f7d5df17f9,19,https://donaldson.com/,2024-03-29,01:00:42,Tablet,Safari,https://hayes.com/,http://www.thompson.com/,588,187.38.65.216
f89cb702-2480-4943-9e3f-691711b92aeb,16,http://alexander-fields.com/,2024-04-16,09:27:35,Desktop,Chrome,http://www.reynolds.biz/,http://weaver.biz/,162,140.228.71.87
0c644141-70e3-491c-8a67-e64296523166,47,https://chang.com/,2024-06-09,20:54:24,Tablet,Firefox,http://sutton.org/,https://ortiz.org/,62,28.180.124.88
a5f52bcd-51b1-441e-a44d-f8dfc60c5bfc,10,https://carter.info/,2024-02-07,08:53:59,Mobile,Safari,https://www.williams.com/,https://johnson.com/,360,88.15.49.78
137530b8-0cbc-491b-884b-8cd6bdcf6a75,37,https://www.perry.com/,2024-02-01,23:20:12,Desktop,Chrome,https://cortez.org/,http://brown.com/,77,205.135.7.174
11b18957-a1ae-400b-a243-f641fc759dac,39,https://shields-hatfield.com/,2024-05-05,20:55:53,Desktop,Safari,http://www.smith.biz/,http://www.johnson.com/,273,95.68.55.94
ce80061b-579a-4fd1-9ccf-b744bf589ed8,37,https://www.watson-banks.com/,2024-05-07,12:42:58,Mobile,Firefox,https://kennedy-collins.info/,https://www.davis.com/,241,61.20.176.216
a759466d-31c7-48a5-8ca9-22b8229fa446,8,https://www.johnson-humphrey.com/,2024-02-28,05:41:32,Desktop,Chrome,https://www.crawford.com/,https://www.brooks-walton.com/,445,152.175.114.56
734424c3-e64d-4492-913a-43b02b1d0119,67,https://weeks-turner.org/,2024-05-05,20:14:54,Tablet,Firefox,http://www.jones.com/,http://thomas-thompson.info/,123,10.41.185.209
a0156880-a1b4-4ff4-ae0c-394ae46d12c4,84,https://www.reyes.com/,2024-01-12,02:59:40,Mobile,Safari,https://www.cummings.com/,http://bailey-hughes.com/,74,166.204.86.190
e847da3a-7817-4785-80d8-c06993ab71d6,68,https://jenkins.com/,2024-02-04,05:38:11,Tablet,Chrome,http://www.hughes-hughes.com/,https://www.armstrong.org/,435,104.33.211.225
9fe3d4c7-dcf0-454e-88a8-14e54d09cf81,37,https://www.gordon.org/,2024-03-02,21:28:49,Desktop,Firefox,https://castillo.org/,http://moore.com/,96,194.216.9.75
428bd052-bd8d-4d83-9023-ba51b5131b8a,71,https://stanley.info/,2024-01-02,06:08:17,Mobile,Chrome,http://www.cook-sharp.com/,http://white-smith.com/,185,24.118.17.217
e07d2e43-ff20-4cba-bcd8-18b2d4f9c80b,84,https://www.barker-wise.com/,2024-05-03,05:48:28,Mobile,Chrome,https://www.gardner.com/,http://hudson.org/,547,18.255.150.40
1bda9393-553b-427b-8c5a-165a99521b17,93,https://jackson.com/,2024-04-29,11:14:09,Tablet,Chrome,https://www.tran.org/,https://www.roberts-walsh.com/,30,192.253.129.194
3d2e7076-01c2-488d-a352-4fef7a729f1a,72,https://www.gordon.com/,2024-03-18,20:00:39,Mobile,Safari,https://smith.com/,http://payne-hart.com/,487,161.69.200.148
b9c49f65-fee5-481c-8c8f-3f41c4a5c078,66,https://www.white-johnson.com/,2024-04-04,16:31:51,Desktop,Edge,https://www.walker-sullivan.net/,https://www.graham.org/,161,129.144.213.140
0aaa6a0c-ea43-4528-bc97-6dc51334bbe5,13,https://www.rodriguez-hammond.org/,2024-06-10,09:06:14,Tablet,Safari,http://www.hart-morris.com/,http://www.rivas-farmer.org/,505,43.49.152.222
a01f5061-3699-40a8-b744-31f1e4113f08,77,https://www.jones-newton.org/,2024-01-29,19:13:59,Desktop,Safari,http://mcneil.info/,https://www.morrison-thompson.biz/,335,206.129.217.129
66f2dcef-2cf8-4c70-b91d-3ac10089579c,81,http://miller.info/,2024-03-05,02:23:34,Tablet,Firefox,https://craig-carlson.com/,http://wilson.biz/,440,217.227.94.119
9ed3e9d7-a592-475f-b21e-aecd64e2d987,2,https://www.atkinson.net/,2024-03-08,15:11:12,Tablet,Safari,https://www.webb-becker.com/,https://white.com/,35,182.46.113.137
cc4ece5d-2e4d-4182-94ac-c2846196ac65,26,https://bryant.com/,2024-02-01,03:07:00,Desktop,Edge,http://www.robertson.com/,https://www.oconnor.info/,123,56.21.181.44
b007a710-adc2-4fce-8ff3-7d441324bc5b,63,https://lewis-thomas.biz/,2024-02-26,03:39:14,Desktop,Safari,https://melendez.net/,https://www.fields.biz/,471,191.17.125.129
01fbd522-78af-43b4-b14d-360778112a86,10,https://rice-daniels.com/,2024-02-09,15:04:35,Tablet,Safari,https://www.taylor.com/,https://powers.info/,318,118.45.219.131
3ed6b614-9d64-48ca-a9e3-a643b98051c2,40,http://jimenez-howell.com/,2024-02-16,16:24:13,Mobile,Edge,http://www.sampson.org/,http://www.olson.biz/,557,145.170.39.109
565f70bc-c8b7-41d0-8251-01e7fe21f916,24,http://www.johnson.com/,2024-04-15,08:35:17,Tablet,Firefox,https://stokes-gomez.com/,http://white-jenkins.com/,81,33.245.8.29
94850f90-f7da-4602-8ef2-1d6a959dc9c1,5,https://www.olsen.net/,2024-05-01,14:35:48,Tablet,Edge,https://www.robinson.net/,http://bryant.com/,136,111.107.33.30
39b17168-2a63-4db3-a3a6-718ae3b1b337,33,https://sanchez.biz/,2024-02-12,04:17:31,Desktop,Firefox,https://johnson.com/,https://brown-lopez.com/,483,216.71.217.41
de7a0733-4f84-4621-bd41-31774e157064,40,http://www.moore.com/,2024-02-29,00:23:40,Tablet,Chrome,http://www.johnson-stone.com/,http://www.maynard.org/,434,17.238.187.36
04f4b5d2-c990-4773-8f39-5ae7e9357cc2,39,https://www.hill-armstrong.com/,2024-01-26,05:17:38,Mobile,Chrome,https://hill.com/,https://green.net/,139,183.152.163.42
b615c5c5-dd14-4e9d-bfca-971405c5006f,31,https://phillips-carrillo.com/,2024-03-23,15:11:14,Desktop,Chrome,https://rodriguez.org/,https://www.ibarra.com/,366,115.4.172.50
d2a1187f-329f-47ee-a0f7-ffd86524c619,36,http://dominguez-edwards.biz/,2024-01-01,05:05:37,Mobile,Safari,http://www.gonzalez-medina.com/,http://www.foster-oneal.com/,252,199.29.47.228
d0c4d289-8421-4f28-a5f5-aef8323b5441,69,http://www.valdez.biz/,2024-05-06,04:20:55,Mobile,Chrome,https://www.hill.net/,http://west.info/,294,7.65.86.232
e037ce7b-f983-4d1e-9b39-f7b23403e34c,58,http://padilla.org/,2024-04-05,06:36:44,Desktop,Firefox,http://nichols.com/,https://www.bolton-rodriguez.net/,521,66.226.253.198
7429e043-6648-489a-9126-c8af0d5921d4,34,http://www.wolfe.net/,2024-04-10,08:32:30,Mobile,Chrome,https://ward.com/,https://www.wagner-douglas.org/,119,141.89.37.173
7706a36f-1910-4354-9cde-62b52b389f89,61,http://www.bryan.com/,2024-04-16,15:24:43,Tablet,Chrome,http://www.hernandez-ray.biz/,http://graham.org/,289,196.241.8.17
564f6e40-2dfe-4447-8532-1c65e65394d1,77,http://www.powell-church.biz/,2024-06-09,04:21:05,Mobile,Edge,http://www.schneider.info/,https://www.brock.com/,407,41.23.234.123
2a2ed147-f47b-4ecd-b23f-20c0c70b47bf,25,https://www.freeman.com/,2024-05-24,16:07:36,Tablet,Firefox,http://farmer-martin.com/,http://lawson-franco.org/,402,146.147.85.18
b0f2a6a7-3065-441b-89e9-2033d51dc3cd,78,https://gutierrez.info/,2024-06-12,17:30:13,Tablet,Chrome,http://www.coleman.org/,https://james.com/,213,32.228.205.254
71651276-287c-4f61-a9ba-2e44eed7b11a,63,http://fitzgerald-simpson.org/,2024-02-01,14:02:54,Tablet,Edge,https://frazier-watson.org/,https://singh-crawford.net/,151,175.210.134.54
1f09772e-c0f6-4894-bc62-7018fe331d87,44,http://nelson.org/,2024-06-06,00:23:36,Desktop,Edge,http://miller-rollins.org/,https://www.solomon.com/,372,100.199.30.224
f39783f4-6d63-417d-96b6-60391fb7095d,51,http://www.miller.com/,2024-04-19,14:37:08,Tablet,Chrome,https://johns.biz/,http://hubbard.info/,72,222.27.87.96
bfd4aaac-6b43-49bb-b500-cb5ddda1a668,97,http://www.powers.com/,2024-05-15,14:16:39,Desktop,Edge,http://smith.com/,http://www.anderson.org/,495,3.25.1.142
2378bd55-358d-48ae-ab96-3c21089c2bf3,42,http://barron.org/,2024-01-22,09:50:30,Mobile,Chrome,https://www.murray.org/,https://www.lucas.biz/,350,70.19.73.17
bf08ae15-9183-4d3f-8348-7446599842f1,47,https://browning.com/,2024-03-23,05:08:51,Mobile,Edge,https://gonzalez.biz/,http://williams.net/,571,170.124.4.160
b029d557-19ab-49ce-bc7b-1a0618ad02dd,49,https://kelley.biz/,2024-05-22,19:04:48,Tablet,Safari,https://www.romero-snow.info/,https://fox.biz/,79,164.184.237.129
d46c476d-a98d-431e-8b14-142b7c10e36a,81,https://www.perez.net/,2024-01-24,14:02:37,Desktop,Chrome,http://nelson.org/,http://smith-levy.com/,281,121.85.17.100
7d3b9bf0-e6de-4b7e-a986-267203f03d2f,91,https://george.org/,2024-01-22,18:45:13,Desktop,Edge,http://duncan-miller.com/,http://watson-powers.com/,542,113.122.5.52
6ddbeac4-0439-4598-83e3-9ce6aa0837fd,94,https://shepard-aguilar.com/,2024-01-24,02:35:16,Tablet,Firefox,http://braun.com/,http://www.murray.info/,52,32.129.87.47
16e54aa7-591a-4574-93ef-dd47062c9162,87,http://www.king-willis.com/,2024-03-26,08:37:39,Mobile,Chrome,http://walker.com/,http://www.johnson.com/,185,90.162.210.171
37f23849-2e1b-4e94-9650-dcc5cf699484,52,http://www.cunningham-klein.com/,2024-02-18,07:38:45,Mobile,Firefox,https://thompson-salas.net/,http://www.watson-rios.com/,430,174.74.112.238
f34f1647-54f5-4ae5-ac0d-d6232b5bba73,86,https://collins.com/,2024-02-17,21:28:51,Tablet,Safari,http://www.jenkins.com/,https://www.hughes-hamilton.biz/,592,56.189.48.53
7c370141-6d0e-4efb-85fd-051d999216b2,62,http://benson.info/,2024-04-09,15:27:33,Desktop,Chrome,https://beasley-dunn.info/,http://www.davis.com/,226,178.239.1.247
aa2cc25c-66a0-4255-8562-7a2e51dad756,76,https://www.johnson-hoffman.com/,2024-04-10,19:52:01,Desktop,Safari,https://thomas.com/,https://www.johnston.info/,116,204.45.146.10
dacd9769-b31c-4fe2-b85d-581801d8c54c,81,http://www.stone-rodriguez.com/,2024-01-17,11:27:13,Tablet,Chrome,https://ward.info/,http://lambert.net/,312,15.132.239.95
f5eec62e-841f-45b7-9593-5b9248b6c363,100,http://holmes.net/,2024-04-12,23:30:10,Desktop,Edge,https://zimmerman-kennedy.net/,http://dixon-williams.net/,334,17.91.16.96
0a286478-9bd7-4d8e-9be1-e8f32136fcaa,51,http://schneider-smith.info/,2024-03-26,16:09:29,Mobile,Chrome,http://www.joseph.biz/,https://www.miller-murray.info/,421,93.189.39.147
f7ae8cc2-025c-4e0f-b638-9e516f62c99d,51,http://www.brooks.net/,2024-06-12,07:07:43,Mobile,Firefox,http://www.santos.org/,https://robertson.com/,326,146.38.70.12
6c552016-6c48-485d-958e-49528e86481c,61,https://goodwin-santiago.com/,2024-04-27,10:31:55,Tablet,Edge,https://ross.com/,https://ingram.com/,403,84.140.30.192
a6e4af18-e68e-4a65-b525-562ccd842ee1,94,http://robinson.com/,2024-02-09,19:08:27,Mobile,Chrome,http://www.jefferson-li.net/,http://www.cole.com/,175,56.133.54.230
1864dc7a-2502-40eb-95d0-5cb79781d46a,21,http://reynolds.com/,2024-03-02,13:45:54,Tablet,Chrome,https://www.parker.org/,http://www.evans-taylor.com/,58,121.175.175.200
29b02ade-040d-4fcd-9269-ebeca504b440,71,https://www.bolton-brooks.com/,2024-05-06,19:18:53,Desktop,Chrome,https://www.cardenas-durham.info/,http://williams-wilson.com/,549,211.36.225.214
0a494c5c-59ab-48e5-b14d-1097378b6224,58,https://russo.org/,2024-02-03,03:21:43,Mobile,Firefox,https://carlson.com/,https://www.valdez.com/,183,189.41.191.187
be841d96-5110-448d-9f4b-f5a7f583723b,2,http://www.nelson.com/,2024-05-19,17:03:54,Desktop,Safari,https://www.campbell.net/,https://brown.org/,571,194.214.187.188
d3df7578-753e-4756-b2e8-607b4901b27f,88,https://allen.com/,2024-01-29,11:02:37,Tablet,Firefox,http://www.smith.net/,https://wheeler-pugh.com/,477,70.218.45.170
f12c22d4-20a5-4087-a7dd-4830b4acbf32,61,http://valdez-ross.com/,2024-01-01,10:26:08,Tablet,Firefox,https://www.davis.info/,https://gonzalez.info/,568,14.3.209.36
b14e200e-b034-4e71-9651-02b10b811988,76,http://barnett.com/,2024-02-08,08:52:47,Tablet,Chrome,https://strickland.net/,http://www.hill.com/,269,92.171.87.86
53b583e0-dd5a-477b-8ca2-9a0d5e2274eb,97,http://moore.com/,2024-02-16,03:48:49,Mobile,Edge,http://www.burton.com/,http://www.lane.biz/,187,9.137.105.233
97877b46-2734-4567-b29f-d5faf1aa0195,5,http://www.martin-sanchez.biz/,2024-04-03,22:39:10,Mobile,Edge,https://terry.info/,https://www.lopez.net/,488,150.209.108.155
f3858e15-3934-4fee-a3a8-eed7ab5d6610,33,http://www.roberts.com/,2024-06-17,06:43:13,Desktop,Firefox,https://jimenez-buchanan.com/,http://blankenship.biz/,571,201.189.94.122
dfec4808-e096-4051-97bb-270dd7f8ada5,55,http://mendez-simpson.net/,2024-04-01,05:28:38,Tablet,Firefox,https://young.com/,http://www.burton.com/,161,132.206.243.38
bc98622f-10ef-4580-8922-accbdaaba6b9,51,https://www.rush-richards.com/,2024-01-28,15:06:50,Mobile,Firefox,https://www.bailey-bell.net/,http://sheppard.com/,415,9.244.87.229
a3d194ab-5389-4617-9314-602f4f6940e3,88,https://thomas-joseph.com/,2024-02-21,01:53:33,Tablet,Safari,https://clay.com/,https://riggs.com/,545,45.100.174.155
b8fa5c73-9d3c-4da4-adec-15c617c3cfaa,35,https://www.ramsey.com/,2024-02-10,21:30:00,Mobile,Edge,https://www.johnson.com/,https://bryant.com/,89,111.213.223.171
7afb2889-a01c-4473-8232-6634076f25fc,87,http://www.hayes.org/,2024-04-11,07:07:49,Mobile,Safari,https://wright.net/,http://gallagher.com/,63,7.190.20.182
3ce76b79-1202-4bf4-8204-c19f0379bdd5,81,https://www.terry-barnes.com/,2024-02-22,15:52:00,Mobile,Safari,http://www.pena.com/,http://www.stewart-blair.com/,586,218.168.149.98
7d7b01ab-54b4-4240-9e32-c524e498c7c4,40,https://diaz-davis.net/,2024-05-15,21:10:46,Mobile,Safari,https://pratt-solis.com/,https://www.smith.com/,34,177.228.112.154
d5b8a9ad-98d8-4502-93d9-9430582b4b5d,80,https://www.smith.com/,2024-02-16,09:38:02,Desktop,Chrome,https://gamble.com/,http://smith.com/,219,125.41.135.31
8b655da9-00a5-482b-8ed5-f1373cb32b0f,77,http://www.russo-marsh.org/,2024-03-11,22:24:27,Mobile,Firefox,https://ramirez.com/,http://www.castillo.com/,79,135.132.27.37
25da694b-09dd-4e77-a031-34f420765c5e,18,https://www.smith.com/,2024-02-09,09:49:54,Desktop,Firefox,http://becker.com/,https://morrow.biz/,387,197.140.164.243
209783f9-582c-4dc7-bc8a-075d86ce9760,47,https://www.murphy.com/,2024-01-23,07:25:35,Tablet,Chrome,https://harrison.biz/,https://www.bryant.com/,364,174.165.232.237
7326ea1e-289c-48c5-b684-e6cd23cf1e02,67,https://anderson.com/,2024-05-03,01:39:34,Desktop,Firefox,https://kirby.com/,https://salazar-allen.com/,476,66.225.106.2
d9265c1b-f6c1-411a-aa5b-be94ad2fa9cd,92,http://jackson.net/,2024-03-02,15:49:53,Tablet,Edge,http://wagner.biz/,http://www.ortiz-barber.info/,418,25.241.197.196
3b04ce11-51f8-4429-b9ee-ddec5551aed7,71,http://www.young.com/,2024-03-01,21:04:31,Desktop,Firefox,https://www.brooks.com/,https://www.walker-jenkins.info/,265,165.112.100.104
126c7059-4017-4f55-b84a-0f77c248ca97,35,http://www.taylor-obrien.biz/,2024-04-06,00:11:18,Desktop,Safari,http://www.rodriguez-elliott.info/,https://schroeder.biz/,440,186.153.141.113
5f530154-110f-4b8f-a526-5c2a5ec9f282,43,http://www.williams-campbell.biz/,2024-06-06,15:33:24,Mobile,Edge,http://www.jordan.com/,http://cross-wagner.com/,240,113.113.127.206
142b47b1-15e8-472d-b49e-7e2e1f5d3ad6,100,http://williams.com/,2024-03-30,04:04:11,Mobile,Edge,http://nelson.biz/,https://cox-bennett.com/,319,13.251.120.21
c928a085-e606-4fde-885a-32eb6d11ba95,56,https://jensen.com/,2024-03-27,09:58:56,Mobile,Firefox,https://www.martinez-wood.com/,https://atkinson.com/,370,118.52.65.145
769144ac-42a9-40b6-b05c-415ce59bee9b,69,https://www.miller.com/,2024-04-27,19:09:23,Tablet,Edge,http://thomas-castillo.biz/,http://vazquez.com/,463,206.234.42.201
1e783d62-a4ce-4d54-987d-c3fcc07f8589,52,http://www.brown.net/,2024-01-18,03:57:34,Mobile,Firefox,https://potter-rojas.info/,https://www.mcbride.com/,452,78.50.105.59
68fac9c1-44c1-480d-babe-0905f3d276d8,78,https://beasley.com/,2024-01-07,17:24:04,Mobile,Edge,http://myers-bishop.org/,https://taylor.biz/,423,182.206.244.31
c155c753-afca-4ac0-95f1-46e4593e8665,67,http://www.nguyen.com/,2024-03-12,14:47:54,Desktop,Chrome,https://obrien.biz/,https://hardy-nunez.com/,45,114.92.120.3
a260df6b-929e-4261-85d2-e1b21b983d60,37,https://www.middleton.com/,2024-04-01,08:20:42,Desktop,Firefox,http://ellison-sullivan.com/,https://french.biz/,175,171.119.33.7
512487d4-894d-4ecc-9012-224058c620fe,70,http://glover-williams.com/,2024-03-23,15:33:46,Desktop,Firefox,https://www.castillo.com/,http://shannon-gonzalez.biz/,266,102.183.118.206
e63b3b23-9e8e-4ecc-acbf-93b77dbd2481,86,http://rivera-kelly.com/,2024-04-24,16:26:08,Mobile,Edge,http://www.rose.com/,http://www.mitchell.net/,256,221.157.30.192
e444616f-c8d1-4068-80a9-651ae14e7a1d,28,https://harrison.com/,2024-01-30,11:30:12,Tablet,Chrome,https://frye.biz/,https://www.turner.info/,182,221.27.99.51
a7348a09-1aad-40db-a7c1-43f58c6535bc,92,https://www.hughes.net/,2024-03-09,05:36:51,Tablet,Safari,https://www.wilson-lambert.com/,http://sullivan.biz/,395,50.217.78.147
21dd255c-f987-4695-a39e-2a42f3867a92,38,https://www.drake.com/,2024-05-17,14:07:38,Tablet,Edge,http://wagner.info/,https://sanders.com/,436,194.35.52.132
57a3b28f-7d8a-45c6-8213-2d4a1d85e360,71,https://www.riley.net/,2024-02-11,18:08:33,Mobile,Safari,http://ruiz.biz/,https://brady.com/,395,181.244.84.150
343fa61e-8833-4c1d-994d-4ffe9de6d6e8,65,https://lopez.com/,2024-01-01,02:20:32,Desktop,Chrome,http://www.blair-morris.com/,https://howard.info/,256,211.29.112.208
10e2dee8-9c78-47e6-9cbe-d53aaf3de686,91,http://www.barnes.com/,2024-02-09,15:06:10,Tablet,Safari,http://www.cardenas-ellis.com/,https://www.barron-harris.com/,333,220.80.44.149
ab9f88c9-1225-4b18-b641-0503e673c095,60,http://www.graham.com/,2024-01-13,09:05:31,Mobile,Firefox,https://rodriguez.com/,https://www.howard-brown.net/,547,30.66.76.122
cd201230-369f-4127-9bb9-b0120d1e9564,58,https://www.mccoy.com/,2024-06-05,14:59:30,Tablet,Firefox,https://leblanc.com/,http://thompson.org/,515,82.203.75.174
4db0fc52-a639-4352-b4a7-60f32931bb8b,84,https://www.williams.com/,2024-02-26,16:44:06,Mobile,Edge,http://www.meyers.biz/,http://www.holloway-butler.biz/,595,142.73.27.180
b5c45908-53c5-4b64-bfbb-a1378726803d,78,http://berry-goodman.biz/,2024-01-28,22:28:43,Desktop,Chrome,https://www.butler.com/,https://www.murphy.com/,361,96.196.134.128
fb49f8f5-cd36-440c-add8-3abb1fdd841f,85,https://peterson.com/,2024-06-04,22:46:33,Mobile,Edge,https://www.jenkins-hoffman.info/,https://www.smith-moore.biz/,404,174.224.229.202
a4f113a8-88db-4742-893f-4ea6ab66778a,56,http://www.kim-brown.com/,2024-05-22,02:52:51,Mobile,Safari,https://www.holt.com/,http://contreras.org/,586,82.55.66.73
ba61d389-2d6d-4464-ab5c-2592b0dcc7ec,98,https://www.smith-gardner.info/,2024-03-05,06:28:34,Mobile,Edge,https://www.ray.net/,http://rios-lopez.net/,250,216.79.205.73
8a108505-6e46-4c39-acbf-b6c5f94cb7ef,79,http://morgan.info/,2024-02-19,03:27:49,Tablet,Safari,http://bradley.com/,https://www.jimenez.com/,258,196.153.219.19
ddeeb3c0-03bf-4e97-8571-2247668a2d8f,60,https://www.lewis-kerr.net/,2024-06-11,20:08:12,Mobile,Chrome,http://garcia.net/,https://dillon-bernard.org/,67,124.4.185.140
055fce30-0511-42a8-a5d3-d5aff8fd9889,36,http://www.schroeder.biz/,2024-05-05,08:25:47,Mobile,Chrome,https://www.davis-williams.com/,http://www.ramirez.com/,348,58.124.249.174
1755d510-311a-4020-916e-a695f61e29ce,65,https://williamson.com/,2024-04-14,11:57:31,Tablet,Safari,http://moreno-smith.com/,http://www.gonzalez-serrano.org/,33,135.99.154.173
69badf3a-f745-4000-b2f8-53612e8047a8,94,https://www.merritt.org/,2024-06-11,16:07:59,Desktop,Safari,http://lam.com/,https://www.hill.com/,144,207.21.163.180
b435b22f-12d3-4242-8d09-5b2851dbbc02,43,http://ruiz.info/,2024-04-29,13:48:09,Tablet,Edge,https://molina.com/,http://www.george.net/,31,55.115.15.83
58afcc2f-041c-431f-8e3e-a1465718c1ca,99,https://www.cox.net/,2024-04-04,01:45:54,Desktop,Firefox,https://day.com/,https://www.frye.com/,274,112.33.239.165
52315f09-c83d-4d0d-9b25-b225653907e9,35,http://erickson.net/,2024-02-18,03:43:13,Desktop,Safari,https://www.jacobs.info/,http://lowe.com/,513,65.25.156.181
9840116e-9213-4ed8-8b0b-7dd7804f8bce,1,https://www.johnson-johnston.com/,2024-04-04,05:28:42,Tablet,Safari,https://miller.com/,https://www.carter.net/,72,22.252.34.202
05e03604-a552-42f1-8464-be3db2fceada,97,https://www.shannon-gardner.net/,2024-06-03,05:42:04,Tablet,Chrome,http://wade.com/,https://www.sanchez.com/,544,160.72.57.53
f95fcc5f-ede8-4f6f-a5a6-ce0a743e1502,72,https://www.jackson-garza.com/,2024-01-26,20:59:36,Tablet,Safari,https://www.baird.info/,http://www.nelson-owen.org/,491,138.187.74.101
a8e96c8b-0212-4979-a9ab-bf0bcea70d43,9,https://gould-contreras.org/,2024-05-01,22:34:07,Mobile,Edge,http://www.williams-robinson.info/,http://www.owens-williamson.com/,462,204.59.168.98
87d48247-f2df-4bcc-90e9-d79724cda600,90,http://www.gomez.com/,2024-04-29,12:29:08,Tablet,Chrome,http://day-perez.biz/,http://www.garcia.org/,424,218.151.33.128
eb624e41-2a41-43aa-a57b-c458398a5ad9,50,https://fuentes-joseph.com/,2024-03-05,10:15:34,Tablet,Chrome,https://www.gardner.com/,https://combs.net/,484,106.24.190.190
6a86532e-10f0-4596-aa2e-e9f3f227b648,10,https://www.reynolds-hart.com/,2024-01-10,20:12:00,Tablet,Edge,https://www.hall-hall.org/,https://www.jones.com/,392,154.57.216.181
7bc16414-ad83-49ad-ac45-b45259fc4767,11,http://chambers.com/,2024-05-21,22:10:22,Desktop,Chrome,http://vargas.biz/,https://martin.info/,519,74.25.98.183
4106d620-d746-4738-ae7c-686b2afd3f05,100,https://smith.com/,2024-01-27,18:27:17,Tablet,Safari,http://www.robbins.com/,https://www.ochoa-garcia.com/,256,144.136.2.4
ef3a53f9-184b-40b6-8d79-db97d6913ef2,15,https://www.calhoun.net/,2024-05-02,03:21:35,Tablet,Safari,https://abbott-phillips.com/,https://www.villa-ford.com/,328,129.125.203.246
b4d6be20-b764-4e76-ae4f-2ed15a8e4a8a,83,http://www.wilson.info/,2024-03-01,21:28:34,Tablet,Safari,http://www.nelson.com/,https://neal-smith.com/,477,47.41.225.152
10407605-3fd6-4aa1-95c7-6c50db9b36b8,26,http://www.harvey.org/,2024-06-17,23:08:44,Desktop,Chrome,http://www.porter.com/,http://bridges-wright.com/,77,205.246.169.226
b3e97141-c1e5-412f-b5f3-de0bb4a0bc79,41,https://www.sheppard.net/,2024-05-07,16:20:25,Desktop,Safari,http://www.spears.net/,https://www.collins-hernandez.com/,154,80.79.155.21
7f8ee7e1-4839-42a2-bda3-d79485d82afa,53,https://www.smith.com/,2024-06-09,04:53:39,Tablet,Safari,https://www.baker-martinez.com/,https://www.scott-crosby.biz/,96,135.66.194.221
45ffb125-28b8-4a40-ad68-74003a17ab3a,93,http://www.nguyen-smith.info/,2024-04-24,10:30:35,Desktop,Edge,https://www.crawford-walker.com/,https://stone-brown.org/,323,170.83.40.66
7c39e4e4-8607-49c1-aa01-6031925f855c,22,https://www.lane.com/,2024-03-08,02:27:38,Mobile,Chrome,https://hernandez.com/,http://cohen-mcconnell.com/,519,80.107.27.192
edfbea56-a6a8-44b5-b4b5-175b4dcbfd5e,46,http://wright-roberts.com/,2024-01-24,17:38:44,Desktop,Chrome,http://www.hernandez.com/,https://rivera-chavez.info/,186,71.16.196.72
e282ef58-974e-42ad-b5e3-98fa50c8c993,96,http://www.tucker-foster.com/,2024-06-17,01:32:05,Mobile,Edge,https://www.harrison.com/,https://murray.net/,381,26.171.87.3
311ce52a-9784-4875-aaa2-fde5c0d6ba81,80,https://www.martin.info/,2024-04-24,12:48:08,Tablet,Chrome,http://www.wilcox-navarro.net/,http://www.porter.net/,390,46.102.200.131
874ebd53-96b4-4207-8bf9-d1f28032f3c4,72,http://flores-holt.net/,2024-06-13,06:53:45,Tablet,Chrome,http://stafford-allen.biz/,http://kelley.com/,370,176.60.241.67
6b235ac0-d7b8-4003-b361-551854c174d7,68,http://owen.com/,2024-05-03,01:48:48,Tablet,Firefox,https://george.biz/,https://lopez.com/,353,116.180.76.16
206561b7-ca00-4087-9eee-18de139a1b4c,60,https://www.dominguez-parker.org/,2024-02-08,05:26:55,Tablet,Chrome,https://www.powell.com/,https://www.graham.com/,98,27.80.81.102
2159a87d-6888-4872-b1a1-ed64f54142b6,81,http://ward-jordan.com/,2024-02-26,17:40:35,Tablet,Chrome,http://haynes-schmidt.com/,https://gardner.com/,276,28.198.55.232
85d6166b-e11d-47d5-835f-45f53a265402,15,https://snow-saunders.net/,2024-03-02,06:09:26,Desktop,Safari,https://ponce-flores.net/,https://www.wilson.com/,580,44.145.22.237
2ced619f-f8df-4a52-8cf9-b727decc3fa3,73,https://roberts.org/,2024-04-12,13:23:50,Tablet,Chrome,https://ritter-wallace.com/,http://washington.info/,188,166.10.230.153
4aa2508a-87f8-4d8a-aa26-75eeaf295b1d,56,http://www.cruz.com/,2024-05-04,21:44:49,Tablet,Edge,http://fisher.biz/,https://www.hart-beasley.com/,255,3.221.249.156
28a191d4-1ee0-4d54-88ce-2e31010009d4,82,https://www.guzman.biz/,2024-04-06,02:08:14,Desktop,Edge,https://www.rollins-sparks.net/,http://www.white.info/,398,137.19.218.175
83083071-2da8-43b4-b6ef-217242374eea,6,https://pearson-francis.com/,2024-03-14,06:27:23,Tablet,Firefox,https://pham.net/,https://www.morrison-kaufman.com/,347,207.254.74.126
838faf6b-7ecd-4811-bc1b-4a6b8b19f7a7,75,https://mitchell.biz/,2024-05-25,22:46:13,Desktop,Chrome,https://www.thompson.com/,http://williams-ayers.com/,336,193.51.88.115
50e52f4f-e7be-4a9d-bc06-167b25e05ddb,1,https://www.smith.com/,2024-04-01,13:16:45,Tablet,Safari,http://www.stokes.com/,http://www.morse.net/,411,62.92.164.57
5ef586d9-47ac-43f2-abf6-be1ef82266dd,95,http://smith.com/,2024-03-29,08:48:57,Mobile,Chrome,http://fisher.com/,http://www.wells-lewis.com/,131,4.235.128.61
7c97630f-45fb-4aae-a5cc-65e6c2cede4a,41,https://www.moore.com/,2024-02-11,02:10:42,Mobile,Edge,https://www.flowers.com/,http://www.cummings.org/,561,181.24.79.222
d93f3f7a-1eb1-4c26-93bb-8b828e224ed0,70,http://www.parks.com/,2024-03-23,06:47:51,Tablet,Chrome,http://www.brown-gonzalez.com/,https://carroll.com/,484,125.169.77.132
44353e99-6e13-4dee-a1fb-f5e44980a46e,82,https://torres.com/,2024-05-19,09:19:30,Tablet,Chrome,http://www.gonzalez.com/,http://www.lewis.com/,301,147.132.107.70
1901f9ab-1ddd-4aa8-b7fd-d967ec9fff28,32,https://www.smith.info/,2024-03-26,01:59:14,Mobile,Chrome,https://haney.info/,http://mclaughlin-martinez.com/,560,2.232.201.17
0c1c0a93-f4c7-45d5-843b-778bf29e3104,26,https://www.bell-wilson.com/,2024-05-29,08:12:45,Mobile,Firefox,http://smith.com/,https://patterson.com/,31,7.22.149.167
34b19d1e-1560-41e0-b408-81b23af6bdfc,2,https://www.brown.com/,2024-02-06,16:43:08,Desktop,Safari,http://www.burns.com/,https://www.smith.org/,320,20.212.238.125
c48178f9-5aef-4d51-9dfe-2dbb6c4abea3,64,https://edwards.com/,2024-04-21,12:03:24,Tablet,Chrome,https://andersen.com/,http://www.thompson-white.com/,89,98.159.79.50
74d6767c-a93c-4de1-a4ab-c98fbaaf0d05,38,http://www.trevino-chapman.com/,2024-03-20,17:46:47,Tablet,Chrome,https://www.leonard.com/,https://www.gonzalez.com/,490,167.75.93.181
4a9abf53-244c-48c7-97e8-0507079c76af,40,http://www.williams.com/,2024-01-31,19:50:31,Desktop,Edge,https://www.kerr-patel.info/,http://www.miller.net/,437,161.132.103.188
56d8d148-d09a-4ec6-9b19-62b09a0d9047,43,https://smith.com/,2024-05-08,08:15:06,Tablet,Firefox,http://davis.com/,http://robbins.info/,281,25.186.198.198
dd16e7e5-5e76-47f2-91f9-c4098b501afb,25,http://smith.net/,2024-06-15,19:46:24,Mobile,Firefox,https://www.gonzalez.biz/,http://brown-brown.com/,467,97.98.240.32
5058d435-15d7-477a-beb4-734699a06a3f,1,http://green.com/,2024-02-11,04:57:08,Mobile,Edge,http://martin.biz/,http://www.cook.com/,113,90.10.251.210
5787fdc7-5267-48e4-a37a-8e320331fb23,80,http://www.rhodes-vasquez.org/,2024-01-26,08:57:49,Desktop,Safari,https://www.zuniga.com/,https://walker.com/,248,102.67.108.34
1eb4ef2c-e20a-4b01-8f00-a60d5e7ac66b,74,https://www.green.org/,2024-02-17,19:08:31,Desktop,Edge,http://www.webb.com/,https://www.jackson.com/,419,136.178.125.19
ce3aaa64-a419-41c3-af26-2ffe1ff2e86c,90,https://taylor-morris.com/,2024-04-09,11:44:36,Tablet,Firefox,https://silva.com/,http://chapman.com/,67,104.236.24.108
bbee7734-e2c3-41b0-9861-807e3cafc713,68,https://www.perry.com/,2024-05-19,09:08:29,Tablet,Firefox,https://hodges.net/,https://lopez.com/,128,222.38.169.206
d6fa6da7-16d2-4daf-832c-7f78e67110c9,13,https://www.kerr.net/,2024-01-24,17:02:09,Tablet,Edge,https://olsen.info/,https://gordon.net/,505,96.50.150.96
b23b64a6-a0d3-4a36-b341-5f97ef63757e,67,http://hill.net/,2024-05-24,18:18:27,Tablet,Safari,https://www.rivera.info/,https://hurley.com/,594,214.46.33.222
5904d148-ef19-4fc8-88a6-a6172cb8cc16,89,http://gibbs-robertson.com/,2024-06-14,07:34:08,Mobile,Safari,https://jackson-mathews.com/,http://fleming.biz/,197,9.7.129.55
6f4fd18d-f115-4afd-9c47-9fe4aa689c4d,44,https://dillon.com/,2024-03-03,09:06:00,Desktop,Chrome,http://www.howard-harris.com/,http://weiss-vasquez.com/,81,51.212.187.115
4df4728e-5818-4e2d-ba57-7322b93f6a94,3,http://www.cooper.com/,2024-01-04,08:47:23,Tablet,Chrome,http://www.clarke.biz/,https://www.ellison.com/,306,116.31.236.40
6d306fe8-8616-461a-ac5a-f8e00a1cc89f,51,https://www.roth-horton.net/,2024-02-02,03:50:36,Desktop,Safari,https://thomas.biz/,http://frazier-scott.com/,545,111.81.13.28
70e02888-b745-4bb9-900e-abc8c6dceda3,12,http://www.martin-richardson.com/,2024-04-28,05:08:29,Desktop,Safari,http://anderson.com/,http://johnson-medina.com/,253,178.126.130.32
5c80dd35-ef33-4cfa-bad9-900bf76202c7,13,https://www.casey.com/,2024-03-24,14:05:49,Tablet,Safari,https://campbell.com/,https://novak-horton.org/,492,103.165.111.127
13cca388-3e6f-4e58-a9e8-a93552e41edb,95,https://donovan.com/,2024-05-09,02:03:30,Desktop,Safari,https://dyer.com/,https://www.ward.info/,315,213.130.25.143
e62f9bbf-0699-4068-a3e3-80901db19074,51,https://cunningham.org/,2024-03-01,04:54:10,Desktop,Firefox,https://www.stone.com/,http://www.thomas.com/,466,87.217.120.245
0a301430-5a37-4fe8-bd1f-3da3708473be,67,https://smith.com/,2024-05-16,15:11:54,Tablet,Firefox,http://www.blackburn.com/,http://www.wilson-anderson.com/,148,104.5.162.228
b761a35c-c71b-4b3b-80ad-5e176e89d973,7,http://burns.com/,2024-02-26,18:56:02,Tablet,Chrome,http://brewer.org/,https://miller.com/,289,197.104.122.184
17b334f9-b3f2-453e-9883-4342718f82be,81,https://harrell.com/,2024-03-08,07:38:34,Mobile,Safari,https://www.terry-garrett.com/,http://www.smith.com/,370,56.24.114.42
86e5b302-ec0a-45d3-899f-367188f33201,25,https://www.bonilla.com/,2024-05-21,03:46:56,Desktop,Firefox,http://www.knight.com/,http://hayes.com/,521,141.41.136.9
1f4184f5-e6cf-4ee4-9052-4c8f08ee7545,28,https://www.shaw.com/,2024-01-15,08:40:45,Mobile,Firefox,http://www.mccall.info/,http://reid.com/,151,19.235.114.76
c074620f-c27d-44ab-b8d4-2e2a5dee0c97,42,https://www.harmon.info/,2024-01-31,16:20:40,Desktop,Chrome,http://www.bishop.com/,https://www.garza.com/,186,180.46.255.204
5c52a99e-c397-435d-8755-8be57e504687,99,http://dixon.com/,2024-05-14,14:19:34,Desktop,Firefox,http://www.mendez.com/,https://williams.com/,269,70.239.219.233
6df59c89-a327-4769-8497-a0e104892818,65,https://chase.org/,2024-01-13,01:09:14,Desktop,Firefox,http://www.carey-hawkins.com/,http://harper-rodriguez.com/,472,178.67.231.13
29018857-e45e-496e-aaac-0550922f25d6,45,http://www.lawson-miller.biz/,2024-03-23,02:27:54,Desktop,Chrome,https://carroll.com/,http://www.daugherty.net/,61,120.35.121.30
95467017-fe93-42c5-9411-182ee863641b,24,http://wood-martin.com/,2024-05-06,07:40:57,Mobile,Firefox,http://www.dunlap.com/,https://white.com/,349,113.183.151.118
4dbcbdd8-ec16-4040-9f61-9706960c8cae,95,https://knapp.com/,2024-04-06,10:46:28,Desktop,Edge,https://www.page-medina.info/,https://www.davis-espinoza.biz/,510,44.156.55.132
56194027-3977-4479-8975-489614b45b03,80,http://www.patel-baker.info/,2024-03-10,03:24:46,Desktop,Edge,http://grant-hernandez.com/,https://www.flowers.com/,62,68.145.14.236
1bec8794-6e34-4a84-9fb6-bc1e6877ddd8,87,https://rodriguez.com/,2024-04-12,13:59:58,Desktop,Chrome,http://www.mitchell.net/,http://www.rogers.info/,471,137.209.38.75
3d361698-e418-44a6-8929-ad347e4b35cb,55,http://alexander-bailey.com/,2024-02-19,05:56:50,Tablet,Edge,http://anderson.com/,http://www.mosley-alvarez.com/,198,137.243.71.172
21ace231-54c0-4d10-9ce4-7c001b81d5e5,47,http://www.gonzales.info/,2024-04-13,20:28:53,Desktop,Edge,http://www.perez-brown.com/,https://www.young-mills.com/,181,172.23.53.89
6504d958-0201-4340-83c8-0ce024394cf8,56,https://www.jenkins.info/,2024-03-04,06:22:34,Mobile,Firefox,https://sloan.com/,https://www.nelson-frank.com/,292,20.32.250.77
63048b93-8323-4596-be6f-30d4036934a9,81,https://kirby.com/,2024-01-07,09:50:53,Mobile,Firefox,http://www.leon-bailey.com/,https://www.thompson-carr.net/,174,200.79.182.75
2a161dd1-32d6-4d4c-97db-8523ef7edf2e,51,https://www.stafford.net/,2024-05-17,05:14:29,Mobile,Safari,http://www.salinas.com/,http://www.nunez-flores.com/,505,27.21.190.94
d08a0245-3570-4192-bb1c-7bf5e25b7b35,35,http://jennings.com/,2024-01-10,14:05:11,Tablet,Safari,https://thornton-castillo.com/,http://www.smith.org/,97,151.217.134.22
26194c09-44b5-4ea7-85a8-56444a25a440,96,http://www.davis-perez.org/,2024-04-11,19:56:15,Desktop,Safari,https://www.parsons-lewis.com/,http://campos.com/,563,129.206.30.67
5424441d-8ec6-4bcc-a957-7bc043d23f32,86,http://ellis.com/,2024-01-20,09:13:47,Tablet,Edge,http://green-edwards.com/,https://www.ferrell.com/,597,221.189.188.34
0313ed37-905d-434e-b8c2-3d13f22db229,99,http://www.hall-miller.biz/,2024-05-11,14:26:53,Mobile,Firefox,https://carter.org/,https://newton-johnson.com/,544,183.127.21.151
dc604960-6f1d-4ff8-839d-702f837bccc9,60,https://www.gregory-mejia.org/,2024-01-20,07:34:27,Desktop,Edge,http://hamilton-johnson.net/,https://www.horn.org/,89,216.142.218.151
b6d06945-6a0b-427c-9d31-ecead0719c38,15,https://clay.org/,2024-04-01,16:41:56,Desktop,Safari,https://rivera.org/,http://www.james.com/,565,46.222.192.192
072a583f-ce34-4d8b-8c24-572caf82f2d9,27,https://www.myers.com/,2024-02-29,09:57:47,Mobile,Firefox,http://taylor.info/,http://hill.net/,80,27.55.6.166
2aca16ee-08c9-489e-a11c-091471f43767,5,http://www.tucker.com/,2024-05-23,22:52:53,Mobile,Safari,https://vaughn.com/,http://evans.com/,457,5.195.40.204
90f36f8d-cd2c-458c-85b9-6b290e032860,62,http://www.west-perez.info/,2024-03-18,00:18:21,Mobile,Edge,http://hopkins.info/,http://gilmore-moss.com/,537,62.243.145.105
24908854-7c95-406a-8961-3c5d917cd060,74,https://www.robinson.com/,2024-03-07,04:37:47,Mobile,Firefox,http://www.hess.com/,https://lucas-scott.com/,319,205.137.172.63
0ea697b7-f31e-4b30-96a1-a567070ed642,7,http://jacobs.info/,2024-04-10,02:25:36,Tablet,Firefox,http://zavala.biz/,http://clark-rivers.com/,41,48.80.139.114
e941a693-510e-4f32-8e3d-bb10f6bfe5eb,55,https://anderson-jenkins.biz/,2024-05-15,13:55:33,Desktop,Firefox,http://www.spencer-young.biz/,https://crawford-ellison.info/,585,1.237.226.199
0acc4997-6742-4f2e-8c76-f9278f29dd4f,69,http://hull.com/,2024-01-10,09:01:01,Desktop,Edge,https://www.hodge-smith.net/,https://www.hatfield.org/,196,9.187.43.20
b027cd94-c2e3-4da1-ae8a-6d61f3499047,13,https://www.johnson-johnson.org/,2024-04-21,09:51:16,Desktop,Edge,http://www.wright.com/,http://peterson.com/,564,214.8.187.135
1b09efa8-0bae-4222-9b00-12ed312cc575,27,http://www.tucker.com/,2024-02-03,19:49:37,Mobile,Firefox,https://www.thompson.org/,https://tapia-holmes.info/,446,84.233.44.240
1b6f63d6-16af-4f6a-af5c-9db535569a55,1,http://santos.com/,2024-02-14,20:14:32,Tablet,Chrome,http://byrd.org/,http://www.key.com/,65,62.148.198.69
10f5ddbc-a17f-4da6-af2e-fca78e2a68b2,46,https://www.arroyo-payne.com/,2024-04-24,08:18:11,Mobile,Safari,https://www.graham.com/,http://www.caldwell.com/,162,35.6.69.13
9968965c-c99d-44c9-8fe4-1783cddcf87e,43,http://www.rodriguez-cruz.biz/,2024-05-04,13:51:36,Tablet,Safari,https://morris.com/,http://www.turner.biz/,216,51.89.157.232
6258b28b-8ec5-4778-9871-46c7822b5e13,6,https://fry-gardner.com/,2024-02-26,05:46:55,Mobile,Safari,http://www.hall-alvarez.net/,http://www.boyd.org/,131,204.16.129.26
ab8f73b5-449b-422c-91d7-03e20d8a4690,69,http://sanchez.biz/,2024-01-19,11:16:04,Desktop,Firefox,https://www.casey-rosario.com/,http://palmer-wheeler.com/,234,7.161.10.66
c750c22f-9e32-4cfe-b3cb-5511046dc55d,16,http://vargas-morton.com/,2024-01-23,02:35:24,Desktop,Edge,http://phillips.com/,http://cooley-garcia.net/,549,215.129.3.116
7e32a9ff-c32d-471a-b9d6-2eb852fbe630,62,https://www.smith.net/,2024-04-25,05:40:28,Mobile,Firefox,https://hawkins-burch.com/,https://bradford.com/,519,1.170.112.26
c88ca267-1090-4004-a046-f255fb5e65c3,4,http://www.jenkins.com/,2024-05-31,09:13:07,Mobile,Edge,http://www.gallagher.com/,https://schultz.com/,360,39.39.160.225
66cfd82e-b02e-4003-b664-182711e185dd,40,https://rice-owens.org/,2024-02-16,13:05:54,Mobile,Firefox,https://mccann.info/,http://nguyen.com/,46,122.167.220.62
dbfa8385-c2a3-47c5-aac4-f4f1b0e6166b,53,http://smith.biz/,2024-02-05,01:07:13,Tablet,Chrome,https://www.riley.net/,http://tyler-flynn.net/,470,62.205.128.147
b1e426e6-f3e5-49e8-a4d6-6fbbee9cf583,78,http://www.jones.com/,2024-05-16,12:30:36,Mobile,Firefox,https://www.fox.com/,http://www.duarte.com/,349,100.250.29.73
e38206f1-738e-42ff-8a54-38c97b70c200,92,https://www.vasquez.com/,2024-03-18,20:55:56,Mobile,Firefox,http://www.lawson-webb.com/,http://www.valdez.com/,71,159.98.244.245
657a95e0-2a32-4105-b1e6-b9269f422302,79,https://www.mcgee.info/,2024-01-06,07:48:51,Mobile,Safari,http://elliott.com/,https://www.carney-bradley.com/,396,55.183.126.79
a7a21d58-ff5f-44c6-a257-35a5526c6936,52,http://www.ellis-jimenez.com/,2024-04-18,06:01:49,Desktop,Chrome,https://davis-mccoy.com/,http://stone.com/,578,75.161.158.200
1733f9d6-dd63-4bca-9229-3c300eb5d1fc,94,http://www.myers.com/,2024-03-31,14:30:36,Desktop,Safari,http://www.neal-black.com/,https://www.herrera.biz/,379,176.244.167.109
3000f1d1-3010-4a32-ac9e-cbe2d3f51293,54,http://www.wise.info/,2024-04-29,05:29:29,Tablet,Chrome,https://morris.biz/,http://www.robertson.biz/,172,122.41.87.210
c1151129-d643-44b6-9500-1b3187052e00,95,https://www.bryant.org/,2024-02-14,15:45:48,Mobile,Firefox,http://www.whitaker-johnson.com/,http://www.carroll.info/,138,33.58.70.71
7ba53778-ae89-4d1c-a303-067272c3652b,74,https://parker-daniels.com/,2024-04-27,00:35:22,Desktop,Firefox,http://www.alexander-james.org/,http://www.robbins.com/,428,194.199.224.237
8f782b03-dc50-4484-acf3-349e89f01c83,6,http://www.simon.biz/,2024-01-05,21:01:14,Tablet,Safari,http://morton.com/,http://www.cole.com/,64,186.241.82.141
1dfd1b4e-3646-4eec-b962-6e2cc78ea664,52,http://www.bass-williams.com/,2024-06-10,09:55:01,Tablet,Edge,http://lamb-choi.com/,http://www.chavez-myers.com/,379,171.99.143.61
5b5200ef-8df1-404a-a30e-b646f50b19c4,66,http://www.vasquez.info/,2024-03-10,00:30:48,Desktop,Edge,https://smith.com/,https://www.williams.com/,364,221.102.55.178
63d3e68a-ee8a-44ca-8b85-266836e7a10d,29,http://www.reynolds.org/,2024-01-08,09:20:31,Tablet,Chrome,https://www.cordova-ellis.com/,http://www.jones.com/,268,144.167.13.46
0087a1af-a471-410c-8a68-70d21d35edf5,93,http://pugh-ortega.com/,2024-03-09,11:58:50,Mobile,Edge,https://shields.com/,http://bryant.com/,72,142.102.15.45
333fa89d-c686-4972-834a-66fe51661985,91,http://alexander.com/,2024-05-23,21:29:41,Desktop,Edge,http://brooks-lee.com/,https://www.hebert.biz/,337,47.93.213.150
a9c68062-cabc-45b0-a383-c5f0156fe350,2,http://www.dixon-may.org/,2024-01-01,06:39:57,Tablet,Chrome,https://keller.com/,http://www.middleton.info/,267,106.144.11.179
aa33d3f2-3f02-4bcd-8f4f-b0cb2ccb05f3,57,https://le-hill.com/,2024-01-09,01:11:55,Tablet,Chrome,https://freeman-atkins.org/,http://fleming.net/,85,193.247.147.181
c5e3a771-7bcb-4bca-8c99-860c0c605436,89,http://www.davis-small.net/,2024-01-18,22:40:21,Desktop,Edge,http://www.jenkins.com/,https://www.long.com/,352,149.46.119.141
b4befb2b-a1f6-4672-84fd-69783cf30055,91,http://www.walton.net/,2024-03-04,18:47:14,Mobile,Chrome,http://weaver.net/,http://rodriguez-haney.com/,480,26.83.111.215
e467c0d8-a91c-41dd-a6e8-616bf637ff6a,35,https://www.savage.org/,2024-05-28,15:12:52,Mobile,Edge,http://long.com/,https://www.gibson.com/,419,52.32.178.66
3650037a-c2bd-49c4-be9f-0d294208361d,72,http://www.cook.biz/,2024-06-10,10:15:46,Mobile,Edge,https://www.acevedo.com/,http://bailey.com/,363,30.231.27.213
61d2419e-f4c8-480f-8f89-de679c5a01a9,38,https://www.may-weiss.info/,2024-04-10,13:06:43,Desktop,Edge,https://lucas.com/,http://www.patrick.com/,346,70.238.211.245
6bae1159-5137-47d0-accd-33613de43e4b,32,http://www.spencer-moran.com/,2024-05-13,14:30:19,Mobile,Firefox,https://salinas.com/,https://www.clarke.com/,482,16.80.102.151
a9c4007d-1cbf-488a-996a-06401f395e86,85,https://kelly-jordan.org/,2024-06-06,23:15:42,Tablet,Chrome,https://lara.com/,https://www.collins.net/,477,61.59.159.250
aa2dfb5a-2b87-4a0c-9dc1-aa4f21a7f380,68,https://www.bishop.org/,2024-05-09,15:54:10,Mobile,Firefox,https://mcdaniel.com/,https://hernandez-howard.biz/,516,117.172.154.100
b19f9231-5587-4587-89f5-cb5e137ced36,31,http://www.valdez.info/,2024-06-13,13:33:18,Desktop,Chrome,https://www.myers.com/,https://www.campbell.com/,357,213.70.111.84
88a955d3-a634-4b9d-a3b1-4fb5ac11e638,70,https://www.martinez-griffith.com/,2024-04-23,10:16:26,Desktop,Safari,http://www.drake.net/,http://ewing.net/,252,10.19.84.251
c0cc15d9-f44a-4d48-bb61-73a801a036ec,31,https://sullivan-frazier.com/,2024-03-22,22:31:47,Tablet,Chrome,http://stewart.com/,https://www.snyder-garcia.org/,302,98.254.225.182
b702a713-73fe-4392-a36a-fa60bf005c80,93,http://www.davies.com/,2024-03-15,03:10:00,Mobile,Firefox,https://www.perry.com/,https://johnson.org/,587,219.89.144.196
2fbd6e43-f724-409c-984e-e8fcabbf2553,73,https://www.adkins.com/,2024-06-08,01:31:49,Mobile,Chrome,https://www.morgan-moore.com/,http://www.allen-lewis.com/,39,147.184.223.202
1524abe2-bc34-437c-84fa-a80b7304d3fd,10,http://www.holmes.info/,2024-04-13,10:32:08,Desktop,Firefox,http://www.knight.com/,https://www.crawford.com/,157,99.137.237.239
7eceea13-b18f-4f21-ace8-8b0f6fb1b374,52,http://www.jones.com/,2024-05-24,03:54:48,Tablet,Safari,http://hernandez.com/,http://sanchez.com/,436,108.121.0.58
cc2d7525-c436-42ba-99d8-743a8af96e7d,38,http://black.com/,2024-02-05,22:51:20,Desktop,Edge,http://www.gibson.com/,https://greene.net/,596,160.118.145.211
ededba94-d3fd-4fdb-8f14-4b5650c606a1,11,http://bentley-white.com/,2024-01-15,15:52:58,Desktop,Chrome,https://www.wu.info/,https://www.holland-klein.net/,457,67.72.169.138
58096698-f60a-4c60-b92c-a96e20249cf2,61,http://cordova.com/,2024-03-09,17:31:16,Tablet,Edge,http://www.guerrero.com/,http://harrison.com/,63,114.195.131.154
a729fe31-7963-4e2d-bcde-679d146d96fb,19,http://johnson.com/,2024-01-26,19:53:34,Mobile,Edge,https://www.kelley-ortiz.com/,https://www.proctor.com/,244,221.134.217.58
134ac4ea-9601-40dc-a8ab-0809f8b8f8d0,88,http://roberts-hamilton.com/,2024-02-22,22:23:38,Tablet,Edge,http://www.castro-hoffman.com/,https://www.dennis.net/,259,175.176.88.59
381353b2-a034-4889-9ca2-0f6419bac3ba,88,https://schroeder.org/,2024-06-16,02:42:31,Tablet,Firefox,http://www.hammond-walker.net/,http://www.woodard-jackson.info/,600,152.96.225.51
63aa1124-3b9e-4405-a792-6a53e09c01fa,67,https://www.romero.com/,2024-06-12,09:07:46,Tablet,Safari,http://roberts-carpenter.org/,http://www.heath-guerrero.info/,358,143.221.221.50
0af00231-f0bc-4f85-bb25-1549b591d5fa,38,https://smith-wright.com/,2024-04-26,10:12:50,Tablet,Firefox,https://walsh-obrien.org/,https://werner.com/,40,100.54.225.55
49bc52d2-9aef-49d5-a04e-2160eb017cad,2,https://jones.com/,2024-04-03,04:46:12,Mobile,Edge,http://www.martin.com/,http://schwartz.com/,146,33.188.73.66
0c9548cc-54ae-48d2-8e31-984015a08db1,59,http://www.cooper.com/,2024-01-12,02:07:08,Desktop,Safari,https://summers.net/,https://mcdaniel.com/,458,217.40.167.251
5df94b03-4d7e-47ff-add0-24135e57523f,58,https://bond.com/,2024-04-03,11:44:33,Desktop,Edge,https://www.martin-walker.com/,https://myers.org/,156,137.213.253.13
bcf1bd94-ec49-46f0-8c83-44e7d4851343,14,https://www.allen.com/,2024-03-15,14:23:36,Tablet,Edge,http://www.conway-vazquez.biz/,https://phillips-harris.com/,267,218.72.177.150
7a20e8d9-4b8e-4f1f-b9ae-2abd1030f5c6,21,https://www.williams.com/,2024-03-25,11:24:55,Tablet,Safari,http://smith.info/,https://herrera-serrano.com/,300,220.105.4.124
793f63b9-4f05-42b7-9a00-cb3edf49df80,76,http://hodge.com/,2024-05-17,02:22:12,Mobile,Edge,https://sweeney-carroll.com/,http://www.smith.com/,353,79.186.72.209
5564a4f7-c817-46fc-bb90-e87b1726e96f,42,http://www.wright-turner.com/,2024-03-07,10:22:12,Tablet,Safari,https://glover.com/,http://bailey-olson.com/,244,130.190.109.201
ba3eb67d-85cd-4ad5-b413-c2bb33486ca4,4,https://james.com/,2024-05-07,20:05:19,Mobile,Chrome,https://www.parks.net/,http://www.ryan-clark.com/,49,18.102.103.223
4a9d150c-6d89-43a4-b404-9d551de44e19,59,https://www.logan.com/,2024-01-28,01:54:13,Desktop,Edge,http://rios.com/,https://www.finley.com/,426,17.10.238.121
b585b2e6-fa85-440f-b6ac-636a41617703,20,https://campbell.com/,2024-03-26,14:22:27,Desktop,Chrome,http://hunter.biz/,https://berg-taylor.com/,258,213.137.147.112
aa04fe94-e55a-421f-be49-b17eb4f9a629,54,http://www.harris.com/,2024-06-11,03:23:41,Tablet,Safari,http://www.bailey-romero.info/,http://www.davis-olsen.com/,407,66.71.27.243
633af162-3aff-4f4e-9b99-a1f6ccd336f6,85,https://www.lopez.com/,2024-03-21,16:45:14,Tablet,Chrome,https://meyers-ball.com/,https://www.pearson-solomon.com/,502,54.218.177.151
647cd8e7-ad94-418d-abf3-8712d20e5e47,22,http://schroeder.com/,2024-03-12,09:33:53,Tablet,Safari,http://www.andrews-pierce.com/,https://olsen.info/,404,167.47.108.34
5f3502cb-398c-4904-bc1e-7372c1489ba0,1,http://www.olson-gates.org/,2024-02-06,05:45:42,Tablet,Firefox,https://johnson.info/,https://www.anthony.com/,58,88.111.208.189
796e6f5d-4917-4b7a-94e3-72726f1eb41e,75,https://ford.com/,2024-05-29,12:44:44,Tablet,Chrome,http://lucas.biz/,http://www.harris.com/,370,47.167.126.235
1eaf0f3e-33c4-4fbc-a13a-85b9090abb2e,86,https://www.gentry.com/,2024-05-09,14:10:42,Desktop,Chrome,https://www.navarro-bean.info/,https://www.richard.org/,422,123.255.87.9
a4f380b6-11a6-4a3e-aa74-fdf93adac339,44,https://www.rasmussen-maldonado.com/,2024-06-11,04:57:34,Mobile,Edge,https://www.graham.com/,http://www.suarez.net/,511,108.17.126.137
39675f65-2ffd-4f7d-97ff-17afe34a903d,4,http://www.dennis.biz/,2024-03-02,00:12:23,Tablet,Safari,https://mendoza-stein.info/,https://cooper.org/,227,222.170.247.67
45a4b28b-6630-4d82-a3e6-0796595de6d2,4,http://singleton.com/,2024-01-06,21:23:39,Tablet,Firefox,http://hawkins-benson.com/,http://moore.com/,272,45.243.97.108
b3a3f4f7-e1b8-438a-8f96-84938c222276,43,http://www.clark.com/,2024-05-18,10:37:34,Tablet,Chrome,http://www.howell.com/,https://www.weber.com/,416,54.64.141.226
408b25f6-10f2-4cbd-8fba-f84cc39b5fb2,84,https://www.martinez.com/,2024-01-24,08:13:36,Tablet,Safari,https://scott.biz/,http://www.gilbert.com/,588,220.9.243.189
1977a60e-12ff-481a-9629-497d84653849,97,https://walker.com/,2024-05-02,22:43:51,Desktop,Edge,https://garza.com/,http://flores.com/,387,192.206.26.167
073f1c16-d20f-4046-86da-4e663d1f8150,13,http://brown-morrison.com/,2024-03-01,21:05:51,Tablet,Firefox,https://diaz.com/,http://morris-french.com/,110,213.105.5.55
cea32fab-41db-4b7b-96df-6f462b6ea244,97,https://www.clark-baker.com/,2024-02-07,15:35:29,Mobile,Safari,http://www.davis-nguyen.org/,http://www.brown.com/,42,64.71.7.141
eaf534ce-9154-482a-bf76-ba61d09222f3,47,https://www.rios.com/,2024-05-21,18:08:07,Mobile,Firefox,https://lawrence.com/,https://www.small.org/,392,113.78.114.6
66e97e81-8dd7-4ae0-a1c3-3b215364156f,66,https://www.flores.biz/,2024-01-16,23:43:08,Desktop,Chrome,https://lutz.info/,https://fleming.com/,592,70.29.239.55
3050059b-c2f3-4fce-8cf9-2f6641644781,82,https://brown.com/,2024-01-24,13:41:22,Tablet,Chrome,http://www.smith.info/,http://smith.info/,464,151.7.95.199
85b4fd95-bb2e-4aee-8a96-fac613babc2c,4,https://winters-shea.com/,2024-05-30,07:29:00,Desktop,Chrome,http://mccarthy.info/,https://thompson.com/,34,136.95.99.130
bf10975c-fb74-4b08-a9b2-0c7424987b1a,79,http://chung.biz/,2024-02-21,04:44:31,Desktop,Firefox,http://www.washington-miranda.biz/,http://www.morales.com/,477,168.159.107.182
0dedcffb-0687-4b10-b3f0-be5f3c511602,48,http://www.huerta.com/,2024-05-14,13:50:23,Desktop,Firefox,http://edwards-walker.com/,http://henry-robbins.biz/,171,185.95.129.125
af3e98a6-2542-4451-a962-9486eb0dae5c,7,https://perez.org/,2024-01-23,03:56:17,Desktop,Chrome,https://franklin-weber.info/,https://www.floyd-brown.biz/,271,102.175.14.106
63ee31cc-b476-4d18-864b-89a4b4fe203d,9,http://www.snyder-middleton.com/,2024-02-13,00:22:08,Desktop,Chrome,http://www.dodson.info/,https://www.morris-kim.com/,323,170.15.48.187
b8c81232-246c-43c5-a76c-addb9b399e12,24,https://salazar.org/,2024-05-16,14:31:28,Mobile,Edge,http://www.hernandez-rivera.com/,http://www.butler.org/,425,151.131.208.32
0a36b76f-5dcb-4a44-a6e4-a72557125aa1,88,http://martin-macias.com/,2024-05-12,17:34:59,Mobile,Firefox,https://www.lynn.com/,http://www.graves.com/,278,148.24.246.89
d7e43a8b-d469-4105-9174-072123073ce1,81,http://www.yates-carson.info/,2024-06-16,10:08:33,Desktop,Edge,https://logan.biz/,https://russell-hernandez.net/,102,220.100.221.78
4d6c0465-2755-4e78-918f-2ec4e726fed8,43,https://taylor-bradley.com/,2024-02-06,05:58:40,Mobile,Chrome,https://www.irwin-banks.com/,http://rodriguez.com/,340,72.16.236.134
07fe9a99-50c0-4a65-a7c4-b571ee4c21a9,69,http://www.gray-jones.net/,2024-05-31,06:26:34,Desktop,Safari,http://www.brown-davis.com/,http://www.davis-fuentes.com/,415,215.152.191.129
46800703-e7c1-4a17-be56-e95819ac37a2,17,https://www.smith.com/,2024-03-01,12:22:08,Tablet,Safari,http://ortega.biz/,http://george.org/,478,91.67.0.148
39da0d62-c041-4717-96c7-5fb5f8f0f248,22,https://www.arellano.info/,2024-03-24,01:25:50,Mobile,Chrome,http://brown-nunez.com/,http://moore.org/,449,92.32.174.48
c6ca2d3b-f420-4235-8998-ed6238798ae4,16,http://www.gibson.com/,2024-01-20,15:38:21,Tablet,Chrome,https://mcconnell.com/,https://russell-campbell.com/,473,134.68.204.12
3bb89613-a99f-45f9-a98c-36a0db643217,74,https://hale-johnson.net/,2024-04-23,16:14:23,Tablet,Edge,https://wright-johnson.info/,https://www.wolf.com/,56,13.32.10.98
5e4dd373-677e-4276-ae35-f03eb4164dba,10,https://www.graham-briggs.com/,2024-06-01,02:14:58,Mobile,Edge,http://martin-moore.net/,https://www.simmons.com/,408,198.29.83.84
acb23fe4-f7f5-4602-b273-b4b9550da62f,100,https://lee-schwartz.com/,2024-04-14,21:00:54,Desktop,Chrome,https://thomas.com/,http://blanchard.com/,174,120.210.206.201
bbbfc9e0-e6e6-451d-98f3-c28a61b5cdc5,9,https://www.jackson.org/,2024-05-10,02:50:58,Tablet,Safari,http://www.moore.info/,http://hudson-harper.info/,391,89.75.227.125
3f6a8a9a-258f-4698-9972-a7f27a48ad6f,7,https://fitzpatrick.com/,2024-06-10,02:00:48,Mobile,Chrome,http://www.hamilton.com/,https://potts-miller.com/,401,176.65.213.137
ba23e314-3851-4afe-9878-7b8ac845de6f,1,https://www.deleon-olson.biz/,2024-03-09,09:44:24,Desktop,Firefox,https://mercer-reyes.com/,http://www.wu.com/,212,221.195.165.208
8cf71322-5b35-4aed-b1cb-c709b6312e83,36,https://green.com/,2024-05-07,07:23:58,Tablet,Edge,http://crawford.com/,http://moore.biz/,161,192.68.148.146
8f878412-79e1-42cb-bf76-710b90eabd44,17,https://www.romero.com/,2024-05-13,21:43:54,Desktop,Edge,https://www.hurley.net/,https://www.alexander-fleming.com/,128,123.157.3.121
983afc15-a24e-4ecb-8950-f516a9c49b70,92,http://williams.com/,2024-02-19,03:19:00,Tablet,Firefox,http://www.williams.com/,https://www.smith.com/,443,192.175.21.31
85f0fc12-c6de-458f-a4e7-cbfbd6f514fb,35,http://armstrong.com/,2024-01-05,12:23:16,Tablet,Safari,https://www.gray.com/,https://www.harper.com/,377,145.230.135.111
6502a780-cbbd-4a6f-865e-b92791db0c12,4,http://www.alexander-ellis.com/,2024-04-19,22:43:21,Desktop,Safari,https://www.gardner.com/,https://hopkins-scott.com/,417,40.222.207.21
7c7272b4-0bf5-4bf3-a90e-1e3da8861410,61,http://www.murphy-perez.com/,2024-02-28,00:05:07,Tablet,Edge,https://www.henderson.com/,http://bowen-thompson.com/,200,80.39.69.60
6765e7a1-0bfe-446b-aeb1-41ba9655fd14,7,http://chavez.org/,2024-05-31,05:31:27,Tablet,Safari,https://arnold.info/,http://sims.com/,110,11.234.78.38
dd3a04cb-1f94-4b01-9226-b553817a12be,64,http://smith.com/,2024-02-18,23:31:06,Tablet,Chrome,http://www.terry.info/,http://www.beck-franklin.biz/,189,39.180.207.27
28e27063-6e79-4a8e-893c-2932f22fa9f6,17,http://www.henderson.biz/,2024-06-06,15:31:36,Desktop,Safari,http://mason-mitchell.org/,http://boyd.com/,516,95.6.121.90
ee458b1c-1fa2-4b4d-9c46-66e9844f7079,86,https://nelson-campbell.info/,2024-03-23,19:38:24,Desktop,Firefox,http://thomas.com/,https://foster.com/,552,137.186.209.82
09486c99-a0ad-48cb-bd93-0f265a13adb2,94,https://www.stafford.com/,2024-05-20,14:45:53,Desktop,Edge,http://www.anderson.info/,https://www.lewis-villarreal.com/,598,37.11.117.244
c8e782bf-679a-4bef-b90e-ab65f75e401d,9,https://www.williams.org/,2024-05-19,21:01:33,Mobile,Edge,http://www.blair.com/,https://rodriguez-stevens.com/,389,110.251.126.54
a49c86ae-7765-4043-bb72-346e50c60e1c,76,http://www.lin.com/,2024-04-25,07:04:17,Desktop,Chrome,https://www.cummings-lopez.com/,https://www.martinez-phillips.biz/,549,55.183.251.120
6a14c57c-69d6-4782-9ac9-dcf188db2b7d,36,http://www.vazquez.com/,2024-04-18,05:57:38,Desktop,Firefox,http://www.jimenez.net/,http://www.joseph.com/,91,160.201.11.239
89fb3c8c-155d-45c9-a6d6-4a290bf7514d,81,https://doyle.com/,2024-02-21,02:43:33,Mobile,Firefox,https://www.weaver-boone.com/,https://www.shields.com/,533,216.68.190.32
d6d14ffa-776e-48f2-a493-fa33a8c1b021,89,http://butler.com/,2024-02-22,00:38:41,Mobile,Chrome,https://roman.com/,http://stokes.com/,435,32.33.78.140
b495b41d-2cbf-4a9e-a055-40d70f03f18b,83,http://sexton.info/,2024-05-31,13:40:53,Desktop,Edge,http://www.ortiz.biz/,https://grant.org/,547,106.249.24.229
2a8e5800-6ccf-4c56-a9ea-77fd10ae1b19,23,https://www.nguyen-mcneil.com/,2024-02-05,05:21:27,Tablet,Safari,http://www.smith-morris.org/,http://www.adams-moreno.biz/,348,111.142.36.141
8d8980bf-313f-4b55-bf3d-1010550564af,30,http://alvarez-clark.com/,2024-05-24,10:59:12,Tablet,Chrome,http://smith.com/,https://torres.com/,570,175.68.24.29
a7718c73-806d-47ce-95ff-f580314306d0,87,https://www.bolton.com/,2024-02-06,00:20:28,Mobile,Firefox,http://www.gentry.com/,https://campbell.com/,352,96.178.143.82
d221f2a7-9ac0-41e7-87ea-67ef36e1a0e5,75,http://garza-jones.com/,2024-03-25,00:50:10,Desktop,Edge,https://www.wallace.info/,https://www.sandoval.org/,454,135.208.84.244
343e560e-8a0c-49f6-a410-324c1ffc232b,51,https://frey-cisneros.info/,2024-02-18,23:48:14,Desktop,Chrome,http://rodriguez-barnes.org/,http://www.west.com/,373,68.255.7.109
2bb474c6-d35c-449e-b86e-efba31d3da43,97,http://www.munoz.biz/,2024-03-22,18:28:31,Desktop,Firefox,https://davis.net/,https://www.lara.com/,119,190.12.171.250
8a368dc3-2bc5-4326-af33-5a1b4f77e66f,73,https://hughes.com/,2024-05-18,05:23:54,Mobile,Chrome,https://mckinney.com/,http://www.russell.com/,263,201.55.133.135
92cbb938-0cf1-4445-a1c8-a186f1272a04,43,https://www.martinez.com/,2024-01-07,15:00:41,Desktop,Edge,https://pearson.com/,http://johnson.com/,569,215.190.99.45
6313ee30-71d8-444e-ad6b-527a531c3d72,87,http://hampton-williams.org/,2024-05-15,16:55:10,Mobile,Chrome,http://www.roberts.com/,https://www.owens.com/,516,140.14.23.29
57383327-3395-42bb-8892-84e991ce3308,96,https://rush.biz/,2024-05-20,22:55:23,Desktop,Safari,https://www.strong.biz/,https://bailey.com/,218,214.110.202.221
d6796a3f-7de2-4f31-971b-dd14911316f5,74,https://www.brooks.com/,2024-05-17,02:13:08,Desktop,Safari,https://www.clark-ortiz.com/,http://ayala.info/,96,206.202.0.2
a481f6d3-68db-4939-8437-d24077f366c9,85,http://www.patterson-wilson.com/,2024-06-05,13:20:49,Desktop,Safari,https://www.miller-allen.com/,https://richmond-price.info/,102,162.250.15.49
b3d5b3d6-485f-45c7-8fa9-aa0a5906d69a,97,http://bailey-best.com/,2024-03-21,10:21:49,Tablet,Edge,http://www.brock.com/,https://www.ellis-lewis.net/,246,183.81.237.95
4d739bb4-86da-4b95-9f8f-36bcb5f56179,25,https://turner-taylor.com/,2024-03-06,13:19:12,Tablet,Chrome,http://www.burke-bridges.net/,https://www.taylor.info/,433,15.69.135.72
1a021f7d-f0ca-4a35-920b-47077e896edf,35,http://mills.com/,2024-06-13,20:20:23,Tablet,Safari,http://www.anderson-stephens.info/,http://www.chavez.com/,486,20.217.110.172
1149c94d-4a08-41ec-992a-df5edaffca9c,80,https://www.wilson.com/,2024-04-09,05:18:54,Mobile,Edge,http://castro-fletcher.com/,http://www.hubbard.com/,494,186.86.239.133
eb55d24b-b3d9-4a91-9eb5-a19ae24186b7,75,http://www.valencia-wells.info/,2024-04-29,09:50:15,Desktop,Edge,https://diaz-murillo.com/,http://brown.biz/,44,131.225.247.98
a753ef5f-ebdc-4d6a-b9f6-e2d459658133,93,https://www.cook.com/,2024-03-06,00:57:40,Tablet,Safari,http://wilcox-thomas.biz/,http://www.cooper-lindsey.org/,371,57.50.102.35
61a19fa9-3ec9-43dd-ad0b-987b9bc1213f,49,https://mccarthy-guerrero.com/,2024-01-02,08:36:55,Desktop,Chrome,https://williams.info/,http://rivera.biz/,573,206.102.159.254
6281d9d6-e186-416d-bded-5916846db79f,2,https://mitchell-hoover.biz/,2024-01-13,19:44:49,Mobile,Edge,http://www.miller.com/,https://hebert-blackburn.info/,186,215.35.227.50
d61566a1-6236-4740-86ed-aabb5a121a8c,10,http://marshall-mitchell.com/,2024-05-27,16:13:42,Tablet,Safari,http://edwards-robbins.com/,http://roberts-obrien.org/,211,222.136.34.148
33247dec-e137-40b3-aad3-ead897732533,93,http://alexander.com/,2024-02-27,14:40:06,Mobile,Firefox,http://www.ellis-hamilton.com/,https://cherry.info/,493,83.122.247.172
c2589ff5-a41f-4e0e-8614-fcdce2df0904,41,http://turner.info/,2024-02-24,10:15:58,Mobile,Safari,http://wright-miller.org/,http://www.holmes.org/,345,155.138.117.214
470f3930-644b-417c-aafd-c953da041e63,75,http://schmidt-doyle.com/,2024-05-27,21:44:06,Desktop,Edge,https://wade.com/,http://dixon.com/,433,94.202.88.105
c246c91e-f317-4ae5-a45f-9225bb5cff24,54,http://www.jones.net/,2024-01-26,14:54:12,Tablet,Safari,http://davis.org/,http://gonzalez.com/,550,47.78.57.34
60d97d48-4d4f-4609-acb5-b503b7af463a,52,http://www.williams.com/,2024-04-24,21:51:16,Desktop,Firefox,https://www.fox.info/,http://www.murray.com/,485,139.8.107.38
222b3fa0-9af6-435c-9c91-b99fdd4ad7d0,27,http://www.page.com/,2024-02-05,04:09:07,Mobile,Firefox,http://www.george.com/,https://austin-austin.com/,564,168.145.111.176
0a406dc1-a30f-4031-bf1d-a6df619bfa0c,58,http://swanson.org/,2024-01-15,00:26:55,Tablet,Safari,http://dillon-johnson.org/,https://www.sanders.com/,65,2.58.199.156
7741d97c-d7c2-4163-9f37-ac9f6af6fc01,73,http://www.garcia-clark.net/,2024-05-15,00:46:12,Mobile,Firefox,http://brown.com/,http://www.thomas-thompson.com/,221,50.121.49.64
efbf61bb-864d-4794-a154-0619285ef7ed,68,https://www.delacruz.org/,2024-06-16,01:01:37,Mobile,Edge,https://www.singh.com/,https://www.gray.net/,544,93.184.45.162
25a1af8c-d742-464e-bb5d-6cdb66af218d,100,http://www.hughes.com/,2024-03-04,18:01:24,Desktop,Chrome,http://allen-thompson.com/,http://clark-phillips.com/,31,112.103.124.1
cf098742-f6e1-47c4-add3-5cb21e90fcb5,31,https://ortiz-taylor.com/,2024-04-16,05:57:53,Desktop,Safari,https://smith.com/,https://www.anderson.com/,218,159.26.116.73
59b5241f-49d4-4b7e-8ff3-1b2e52cd4ace,9,https://www.garrison-foley.com/,2024-05-18,02:28:32,Desktop,Chrome,https://www.sims-johnson.org/,http://www.nielsen.com/,345,34.65.105.137
85f132ad-d736-427d-89df-998e6b220f40,35,https://hickman-fletcher.com/,2024-04-14,11:18:05,Mobile,Firefox,http://www.carrillo.org/,https://www.jimenez.com/,234,10.74.207.91
6247258c-dcd6-431a-bd93-4501dfccdd06,36,http://www.wright.info/,2024-04-14,23:16:23,Tablet,Edge,http://sharp-ward.biz/,https://flores-myers.com/,563,38.153.119.55
2e9a1c00-1576-4d8d-8e5b-d626d6d6e7e0,50,https://lewis-smith.com/,2024-02-10,17:39:24,Mobile,Safari,https://www.miller.net/,http://anderson.net/,317,75.86.37.225
00b8c13b-5040-4e1f-8084-9817e9c420fd,26,http://gutierrez.com/,2024-06-15,21:08:55,Mobile,Chrome,http://www.allen.org/,http://lang.com/,535,22.251.205.161
99a8fb09-bdc7-4769-9e59-2f97f8c3d444,5,http://horn.net/,2024-02-02,02:04:52,Tablet,Edge,https://www.jennings.net/,http://rogers.net/,68,54.217.30.112
4fcd6486-8193-4f6f-b1c4-f217b103b051,87,http://salas-thomas.com/,2024-05-05,19:19:04,Desktop,Safari,http://mills-lewis.net/,https://fox.com/,49,210.210.161.92
238b1b13-f877-4e98-9a20-b3062d4df3b8,65,https://www.smith.com/,2024-02-21,06:11:40,Desktop,Chrome,http://www.nelson-henry.com/,https://www.mcpherson-mcneil.biz/,240,21.144.197.49
ed2bed1e-1f37-48d4-9067-a7052431a10f,2,https://www.mercado.com/,2024-05-03,05:21:42,Desktop,Edge,http://www.jones.org/,http://www.ruiz.net/,411,116.21.105.112
5d4f978c-aa5a-4c0f-9e04-c222ca93ddeb,78,http://herman.info/,2024-01-10,07:53:33,Mobile,Safari,http://wood.com/,https://www.morgan.info/,314,95.245.208.137
706b70c5-de3f-435b-8bb9-1364e5d11690,17,http://www.valentine.com/,2024-06-14,22:44:27,Mobile,Edge,https://www.blankenship.com/,https://ramirez.org/,132,121.4.199.145
a2ca093c-b600-44ca-bd6f-c53bf1e076a5,26,https://www.poole.com/,2024-03-02,12:02:33,Desktop,Safari,http://johnson.net/,http://johnson-mclean.com/,197,59.225.216.134
dddd6490-d693-40f8-af72-0767d5fbb9a8,1,https://grant.info/,2024-06-12,16:19:56,Desktop,Chrome,http://richardson.com/,http://harvey.com/,439,185.160.71.151
09263b88-4dcf-4cbe-9937-c4abd0b5bbd1,89,https://www.jordan-barber.info/,2024-03-03,03:50:03,Tablet,Firefox,https://morrow.com/,http://ayala-nguyen.com/,583,60.166.47.221
03692f9a-b185-49d4-8bcc-b784fb2de57d,51,http://dean-hernandez.info/,2024-02-27,01:26:30,Tablet,Safari,https://wells-perez.com/,http://cochran.org/,234,222.147.67.46
91c09638-f452-497b-9cb7-b3d1b0a1cd59,22,https://www.jacobs.info/,2024-05-28,06:28:34,Tablet,Chrome,http://www.perkins-jones.org/,https://crawford.org/,174,62.198.181.255
cc31b0ea-bd58-40b2-a952-56986c4482c8,15,https://caldwell.info/,2024-05-01,17:04:50,Tablet,Chrome,http://dennis.com/,http://www.sandoval.org/,72,78.90.77.249
0a671da2-d7f4-4ba7-9513-66dbf1ec4f6d,44,http://massey.com/,2024-02-14,15:23:43,Desktop,Firefox,http://www.thompson.info/,https://maxwell-hughes.com/,138,177.158.92.78
fc1ab887-e4bb-42dc-8f11-0c14a17b32fe,46,https://white.com/,2024-02-17,02:13:29,Mobile,Safari,https://www.mcbride.biz/,https://www.smith.com/,465,153.101.205.217
85d0e91f-cec5-43f2-b7c8-5171ea4af70e,4,http://smith.com/,2024-01-02,17:49:13,Mobile,Chrome,http://www.gay-whitaker.org/,https://www.ortega.com/,255,116.53.96.234
e8de1f41-fc32-4cc3-b2ec-b6ee1b59f77a,47,https://www.grant.com/,2024-02-20,08:19:09,Desktop,Safari,https://clayton.biz/,https://johnson.com/,75,42.99.108.59
61213664-7d87-40f9-9ddf-91289f4a9009,85,https://www.frey.com/,2024-01-29,06:33:14,Mobile,Firefox,https://donovan.biz/,http://ross-huynh.net/,487,170.246.24.64
8652166c-d014-4a57-b150-46988882d9c6,39,https://henderson.com/,2024-06-16,19:44:17,Desktop,Chrome,https://roberts.com/,http://henry.com/,276,167.60.200.182
4959130c-2fca-482c-8644-c15a411eace7,76,http://mcclain.com/,2024-05-02,17:06:43,Mobile,Firefox,http://www.scott.com/,https://www.ortiz.net/,533,147.84.218.101
3468e770-3381-4607-9199-e9691c7874ad,36,http://www.martin.org/,2024-03-20,00:04:39,Tablet,Chrome,https://www.gibbs.com/,https://wolf-haynes.com/,142,80.221.116.169
1433585d-df86-4660-a5e1-6f7684ceac84,79,https://www.jones.info/,2024-02-15,15:53:58,Desktop,Firefox,http://www.fuentes.info/,http://www.farley.com/,147,200.209.64.132
c331dbc3-ce33-4153-b608-3515aecf2643,27,http://www.reynolds.com/,2024-02-25,09:10:10,Tablet,Edge,http://www.taylor.info/,http://martin.biz/,187,52.208.215.101
845b8c05-191d-4d56-9bcd-5cb0534ae575,68,http://baldwin.com/,2024-04-28,12:10:35,Mobile,Edge,http://walters.com/,http://www.trevino-robinson.info/,110,81.23.21.66
14a5b386-74bb-4939-9a9a-e6cf92e0a268,74,http://www.smith.com/,2024-06-14,20:38:38,Tablet,Chrome,http://glenn.net/,http://johnson.com/,446,112.119.4.226
0dd5b11e-b7d5-40dc-9a66-2b06f50062e4,93,https://lynn-day.biz/,2024-03-11,09:52:19,Desktop,Chrome,https://www.terrell-bell.com/,https://www.thompson.com/,128,206.181.250.22
968ab33c-232a-4341-8dc8-a92543c8fc81,53,http://www.fuentes.com/,2024-03-13,00:29:18,Desktop,Firefox,http://wood.com/,http://www.nichols.info/,449,151.100.111.102
3e9688e2-cb3e-4dd1-b359-d4f5b1a5252a,41,https://allen-jones.net/,2024-04-30,19:58:47,Mobile,Edge,https://www.mueller.biz/,https://cole.com/,349,150.82.230.170
0ea0127a-3aac-486b-8aa6-dec206fb0474,54,http://www.greer.org/,2024-02-23,21:20:20,Tablet,Edge,https://www.munoz.net/,https://howard.biz/,132,211.87.213.42
fe7d3605-6a16-491c-bbbd-c4bf708d45e8,48,https://henson.com/,2024-05-29,03:31:55,Mobile,Chrome,http://www.beard.net/,http://www.guzman.biz/,107,192.21.10.255
83def9fc-fefe-49b9-b32a-62e57ab036be,18,http://www.jensen-ramsey.com/,2024-05-27,02:31:55,Tablet,Chrome,https://robinson-harris.info/,http://www.brown.com/,311,40.107.33.15
7d4388fe-d0a8-438d-800f-e7fb2e3b2892,56,https://www.alexander-johnson.biz/,2024-01-14,04:22:06,Tablet,Firefox,http://www.mcbride-harris.biz/,http://www.johnson.biz/,438,118.217.196.251
c20f68f8-7b29-4bc4-9924-6263541a718e,31,https://roberts.info/,2024-02-08,23:15:28,Mobile,Chrome,https://ramirez-lewis.org/,http://www.anderson-riley.net/,533,9.211.48.118
6a9f0163-bc91-4e34-9bb6-3a9c0a75ee7e,30,https://www.colon.biz/,2024-03-24,07:48:42,Desktop,Firefox,http://www.davies.org/,http://www.johnson-hooper.net/,430,114.98.54.206
07319d3b-b717-4882-b702-ba7e1dfd8d50,28,https://www.johnson.com/,2024-06-08,12:34:15,Tablet,Chrome,http://www.dunn.com/,https://www.manning.net/,179,198.98.81.255
22edb4d8-3ab2-4622-8389-92a972d71abf,98,http://www.robbins.com/,2024-02-22,15:40:17,Desktop,Firefox,http://www.french.com/,https://nelson.info/,537,179.141.193.206
1836196e-8dc9-45b1-bca5-2a27cb806031,41,http://harrell.com/,2024-02-02,22:44:31,Tablet,Edge,https://drake.com/,https://griffin.com/,106,186.164.200.121
a06ce451-842d-4db2-9fb0-97d4160158ce,51,https://bentley.com/,2024-02-27,14:30:36,Tablet,Safari,http://www.gordon.com/,http://www.lee.com/,379,114.247.246.94
c2683a8f-ad8e-4332-a454-1489a4cbf7f7,99,http://www.maldonado.org/,2024-04-04,20:25:57,Tablet,Edge,https://juarez.net/,https://barker.com/,246,18.144.225.5
4771810c-6075-4dd7-80c3-17da735da268,60,https://www.day-foster.com/,2024-05-10,23:48:15,Mobile,Firefox,https://www.cummings.com/,http://butler.biz/,129,80.48.157.117
358662ce-4948-4a61-b2e6-f75f5276a729,73,http://www.branch-williams.net/,2024-03-09,05:12:44,Desktop,Safari,http://www.olsen.org/,https://www.johnston-adams.biz/,554,175.68.251.243
fb704efe-14eb-42b9-812d-9f1092104019,3,http://wilson.biz/,2024-01-30,13:31:21,Tablet,Chrome,http://www.kent-shaw.org/,https://sherman.com/,460,118.43.156.35
acb5c222-5cde-4e8b-b9d2-535bd2d6d3ee,50,https://www.george-mueller.org/,2024-02-27,02:37:45,Desktop,Safari,https://www.johnston-brown.com/,https://www.barker.com/,30,125.250.162.118
38382fd2-3f37-4bfc-85c1-ffcdf6bfb0ce,74,http://www.brown.com/,2024-02-23,20:44:09,Mobile,Chrome,http://www.george.com/,https://patel-gibson.com/,424,75.88.195.231
9a5bafe4-dd8e-442e-bfeb-7776cfa36cb6,99,https://www.bell-sawyer.com/,2024-02-15,19:30:47,Desktop,Safari,http://www.lee.org/,https://hall.info/,167,176.188.26.62
022ca868-32dc-48cd-81aa-2c5ca6442d6b,31,http://www.thompson.com/,2024-05-23,22:01:27,Desktop,Chrome,https://castro.com/,http://torres-acevedo.com/,551,51.77.29.41
ff8788d3-8c0e-4467-b1e8-8cb794a075a1,60,http://jensen.info/,2024-01-23,05:59:48,Desktop,Edge,https://www.johnson.com/,https://roberson-hart.net/,408,86.198.57.219
2b6661bb-0f58-4da9-8baf-20b5cd896773,10,http://anderson-johnson.com/,2024-03-14,18:45:45,Desktop,Edge,http://www.rasmussen-allen.org/,http://conrad.com/,562,213.81.91.229
be6cea6f-d2cd-44f5-8956-c89e9e16eead,15,http://www.crane-elliott.org/,2024-02-29,00:54:40,Mobile,Firefox,http://www.cox.com/,https://wilkerson.com/,600,137.50.152.140
f546d301-56dd-495b-bbf7-d4d72394ad97,97,https://pacheco-villarreal.com/,2024-02-26,10:56:55,Mobile,Firefox,http://www.greene.com/,http://www.wilson.org/,459,181.141.72.161
618fd9b6-0e76-4618-9891-9df36587824e,33,https://www.butler.info/,2024-03-02,08:00:50,Desktop,Safari,http://www.white.com/,http://mosley.net/,238,84.127.118.220
0fc4bf02-6a2a-49aa-9ff4-d00f632a4f3b,66,https://nelson.com/,2024-02-15,17:10:38,Mobile,Safari,http://myers.com/,https://www.hill.com/,593,8.48.13.143
89304137-48b0-485e-9c40-7d4ba5787cd7,35,http://moore.com/,2024-04-12,20:14:18,Mobile,Chrome,http://woodard.com/,https://www.fischer.com/,114,75.45.167.186
bef981f7-49dd-4426-8203-507f2f756b28,31,https://johnson.com/,2024-01-04,06:51:59,Desktop,Firefox,https://www.landry.net/,http://gonzalez.info/,332,90.248.131.6
b30cc895-d2c2-43d9-ade0-29a25e91b4b3,76,http://www.sherman-massey.org/,2024-01-15,03:46:52,Tablet,Edge,https://vang-white.com/,https://www.holland.com/,202,9.28.200.92
b6e83618-9c80-4152-9b13-3fd5febd1fd8,74,http://duffy-richardson.org/,2024-02-16,21:54:27,Mobile,Firefox,https://davis.net/,http://patterson-west.com/,263,69.150.237.68
93482b71-0dc5-48d5-bba2-db3145bc1025,27,http://perez.biz/,2024-02-23,17:06:09,Mobile,Chrome,https://bailey.com/,http://www.jackson.net/,219,44.250.243.175
74dfdb4b-bda0-42cb-bab5-417929dde57d,96,http://perez.com/,2024-04-24,03:33:38,Mobile,Firefox,https://www.arnold.info/,http://www.crawford.com/,569,148.254.223.128
4b4ff502-8bf0-476d-88f7-caef3c23954f,41,http://www.horton-lopez.com/,2024-03-22,17:03:55,Tablet,Safari,https://www.turner.com/,https://jones.org/,565,120.51.100.236
ccc79e63-6a1b-47e5-951b-b4426df98342,65,https://davis.com/,2024-05-22,19:34:27,Mobile,Safari,http://henry.org/,http://gilbert.com/,592,28.104.95.44
0a9ed024-fb06-4f92-8e4d-311833122fa6,55,https://www.travis.com/,2024-01-04,12:55:38,Mobile,Safari,https://www.ward-silva.org/,https://www.davis-palmer.com/,43,46.106.36.188
5d4a3abc-fe32-47cc-8e79-2552bc4067af,38,https://roberts-robinson.info/,2024-02-27,19:34:33,Desktop,Firefox,https://www.riddle-franklin.org/,https://www.kennedy.com/,307,96.195.215.30
44318e4f-091a-4201-9e1b-78a25abcc535,98,http://cruz.com/,2024-03-23,11:28:43,Mobile,Edge,https://www.smith.com/,http://www.roberts-fuentes.com/,88,212.97.125.21
de1ab508-8871-4bf3-8d22-681bc1ae8941,27,https://rodriguez.biz/,2024-02-04,04:06:15,Mobile,Safari,http://www.archer.com/,https://miller.net/,309,1.114.178.159
acb73a0c-4be9-4b55-a132-05a2eec2e685,4,http://www.deleon.com/,2024-06-15,07:40:12,Desktop,Edge,http://friedman.com/,https://www.giles-meyer.net/,562,162.133.130.178
7b1ba2ca-cd99-4ffb-b301-68568a1a2015,43,https://www.merritt.biz/,2024-02-28,09:16:49,Tablet,Firefox,https://brown.com/,http://www.morales.biz/,322,44.51.185.209
60771129-93d1-4142-855b-afafb460b597,80,https://hale.biz/,2024-04-11,00:40:33,Desktop,Safari,http://fischer.org/,http://www.torres-cook.net/,144,135.5.119.113
4c394f19-2793-483c-927a-c8dda02074ef,26,https://www.howard.com/,2024-03-10,17:38:14,Mobile,Firefox,https://www.walker-clark.com/,https://mitchell.org/,556,98.205.221.95
4e641097-ce8a-452b-83f8-e1d3d08ac046,38,http://www.simmons.info/,2024-03-03,06:44:18,Mobile,Firefox,https://perez-bradford.com/,https://scott-nash.biz/,106,113.201.64.15
a1a2cddd-abe6-4e7c-a053-20babe6afe54,38,https://www.hawkins.com/,2024-02-03,22:33:46,Mobile,Edge,http://johnson-wilkerson.biz/,http://www.hernandez-singh.biz/,376,44.93.204.84
d029829e-e83c-47e5-b149-05e6e557dad9,33,http://robinson.net/,2024-05-03,01:07:12,Tablet,Edge,https://www.lester.org/,http://www.owens-ward.org/,259,136.189.227.162
ac85c53e-802d-4af8-be2d-9c737dd3175a,75,http://johnson-fisher.com/,2024-03-12,15:43:27,Tablet,Firefox,http://singh.biz/,http://www.jones.com/,564,136.99.16.25
63d99ecf-c241-4eb1-a62d-bc03fa08d5cc,65,http://www.costa.org/,2024-04-17,17:06:44,Tablet,Chrome,http://www.martinez.com/,http://mitchell.com/,568,49.4.164.249
83666229-f342-4ad6-851d-0ec31091cfed,93,http://dominguez-navarro.net/,2024-06-09,07:45:13,Desktop,Chrome,http://hendricks-watson.com/,https://perry-smith.com/,220,177.154.98.81
90d34092-174f-4ff6-abbf-3448efcafe21,38,https://www.mcgee.info/,2024-01-26,11:51:50,Mobile,Edge,https://marshall-johnson.com/,http://hunt.info/,91,213.54.178.166
0fc3e581-4547-4881-ada3-d49cfd1ef6ee,84,https://www.petersen-willis.org/,2024-06-07,21:30:19,Mobile,Chrome,https://www.fox-gonzales.com/,http://ryan.biz/,555,90.22.33.205
e772f834-26ae-40f5-a824-542fd17e9cd8,78,https://www.mcconnell.com/,2024-05-03,21:45:41,Desktop,Firefox,http://robbins.info/,http://www.oliver.com/,335,130.251.28.206
4d16ca54-2fc6-4411-b151-13a86fa73d46,25,https://www.rogers.com/,2024-04-27,12:23:11,Mobile,Edge,http://flores.com/,http://www.flores-monroe.net/,501,27.77.237.35
e5d619be-7ea6-45b4-8710-174f4106e979,23,http://vaughn.biz/,2024-04-16,12:47:11,Mobile,Edge,https://www.carter-wilson.biz/,https://www.barnes.org/,425,186.26.190.34
82ba6479-a085-4c88-87e5-73dae4f3fbb3,98,http://www.merritt-bennett.biz/,2024-02-16,08:21:39,Tablet,Edge,http://williams-dyer.org/,http://www.bennett-santos.com/,426,220.25.14.115
c73ad60b-d1b0-4baa-af57-28b8361cd4dd,76,https://chambers-george.biz/,2024-03-25,16:16:44,Mobile,Safari,https://johnson.org/,https://www.sanchez.com/,100,158.38.18.131
f9341664-62e3-4758-9ad2-61b0788438be,94,http://rodriguez.com/,2024-04-28,02:56:46,Desktop,Edge,http://www.collins.com/,https://www.martin-carney.org/,382,119.237.169.157
ae4a8a65-0e8d-4c69-aa3e-9f34065806c3,91,https://kelly-carter.net/,2024-05-05,00:50:29,Tablet,Edge,https://www.robinson.com/,http://www.santana.com/,184,72.44.169.138
bbaa38d3-a789-41cc-957e-ea8b84af7718,45,https://www.gray.info/,2024-02-01,16:31:11,Mobile,Chrome,http://www.johnson-williams.net/,http://www.hill.com/,403,61.242.147.195
d7c6e151-88b1-4df4-9e3b-e9114a0f84eb,92,http://www.stafford-williams.info/,2024-02-10,16:54:16,Desktop,Safari,http://www.jones-gutierrez.com/,https://ramirez.com/,360,203.132.107.90
c0f6b72b-909c-4825-a801-929cd0aa2b5b,9,http://www.brown.net/,2024-05-17,00:45:43,Mobile,Firefox,http://arnold.biz/,http://fisher.org/,252,33.64.92.231
7cfaf742-2a9b-4ae1-9512-dc4e2c58928e,13,https://gonzalez.com/,2024-05-02,05:55:22,Desktop,Safari,https://marquez.com/,https://aguilar.com/,71,196.223.229.65
97dc9354-684c-4bbe-837b-ef39b8cb622d,68,https://www.sutton.com/,2024-04-17,16:20:47,Desktop,Safari,https://www.moore-lewis.com/,http://www.diaz.org/,291,86.74.45.113
53209fc2-caee-4032-b149-be8e8931e12a,18,https://clark.biz/,2024-01-12,03:13:28,Desktop,Safari,https://dunn-lloyd.com/,http://hughes.com/,176,204.133.33.190
c57d7e1d-1bbb-4ef4-9328-cd2e78637545,34,https://www.martin.com/,2024-06-02,02:33:17,Mobile,Safari,https://www.lewis-cummings.com/,http://rodriguez.org/,367,6.112.200.253
cea131bc-1f7b-4842-b6d1-ca2723709a44,51,https://www.hughes.com/,2024-05-19,09:48:59,Desktop,Safari,https://www.mcdowell-lewis.com/,https://www.delgado-neal.com/,233,44.110.94.9
a17f6bf1-5d12-426e-b33d-710710ef4983,75,http://www.rivera.com/,2024-04-26,02:10:11,Desktop,Edge,http://olsen-collins.com/,https://www.booker-banks.com/,127,188.66.76.53
9cfb5a26-d9a0-4732-ba28-4b527dd2fd11,71,http://www.cain.com/,2024-03-13,13:50:40,Mobile,Edge,http://www.carter.org/,https://www.marshall.org/,171,202.14.94.144
e9c9ec2c-6a77-4f87-855b-f121e20ab042,47,https://anderson.com/,2024-02-17,14:47:14,Mobile,Chrome,http://www.king.com/,http://www.pena.biz/,451,28.63.58.238
4dfbba5b-f458-4349-9e97-4434144c094b,4,https://dean.biz/,2024-06-01,01:10:53,Tablet,Safari,http://morales.com/,http://www.mitchell.com/,369,168.230.158.119
9043b5cf-17a8-4560-935d-833442ae0b14,26,http://townsend-garcia.com/,2024-02-20,20:55:59,Desktop,Firefox,https://www.mills-aguirre.com/,http://reynolds.biz/,244,79.3.203.101
f8c739fb-67d0-407c-826f-0db5b3d90551,7,http://www.christensen.com/,2024-05-05,08:31:46,Desktop,Safari,http://ward.com/,http://allen-macias.net/,360,199.93.186.24
deb93a3e-d463-4226-b69d-dba73d9f57d7,26,https://clark.com/,2024-03-17,18:12:42,Mobile,Edge,https://mckinney-gregory.com/,http://www.mcgee-hodges.com/,418,187.187.187.115
efa47baf-f364-4ae2-ac6d-0b2f244227e8,96,https://nolan-west.info/,2024-05-12,09:26:15,Desktop,Firefox,https://shelton-good.com/,http://alexander.com/,452,57.253.189.250
e07575c4-fe5d-42ed-8970-b41f1387976d,22,https://www.griffin.com/,2024-01-18,19:50:58,Desktop,Firefox,http://www.white-kirk.com/,http://www.walters.com/,131,102.186.79.64
052e153f-fa30-478c-a35a-9cecb6dfb170,2,https://www.serrano-davis.com/,2024-03-20,15:45:03,Desktop,Safari,http://mathews.com/,http://edwards-mcpherson.com/,525,103.239.130.122
88bf01aa-76ea-4394-953e-497fa4552035,8,https://gray.info/,2024-01-03,18:25:15,Tablet,Edge,https://www.taylor-thomas.net/,http://www.rojas-mclean.com/,31,46.233.74.175
a6737451-79c1-4856-877f-23d0774f9c15,87,https://www.johnson.com/,2024-03-09,07:36:09,Desktop,Chrome,https://nguyen.info/,https://www.thompson.net/,190,110.236.227.170
a3995b03-8573-441f-a56f-52a522b9fae7,59,https://www.king-hanson.info/,2024-03-20,22:10:06,Desktop,Edge,http://hudson-cobb.info/,http://www.powell.com/,200,139.222.88.191
d7f8a1eb-4912-4994-98ca-01f7f23056f3,91,https://www.ross-garcia.info/,2024-05-21,13:53:30,Tablet,Edge,https://weiss.org/,http://ortega.com/,270,122.238.148.224
2e359c19-c4da-4f5e-b0c2-51bb601fe7a9,85,http://www.acosta.com/,2024-04-19,18:03:59,Mobile,Firefox,http://www.martinez-sanchez.com/,https://clayton.org/,406,208.52.7.212
f4863850-b39d-4112-a985-c84583f997d8,71,http://www.conrad.info/,2024-02-15,16:07:14,Desktop,Edge,http://morgan.com/,http://www.spears.org/,384,181.231.14.119
a3ddf074-8c72-41c9-9efe-47c395833539,27,https://ford.biz/,2024-03-26,16:58:31,Desktop,Chrome,https://mccoy.com/,https://wiley-blair.com/,265,199.109.167.0
29ac34ae-e214-4874-a682-56cd4f1ea6d3,8,https://reed-gray.org/,2024-05-01,18:04:49,Tablet,Edge,http://williams-reese.org/,https://keller-bryan.com/,448,58.84.187.87
390dd12c-3950-4188-84ed-7fc2955d58ed,29,http://www.jimenez.com/,2024-02-20,10:04:18,Tablet,Chrome,https://clark-perry.net/,https://dillon-gregory.biz/,180,39.52.65.20
10389e45-5b19-44f4-8a32-05200fa83a52,68,http://www.ellis-griffin.com/,2024-02-19,16:41:08,Desktop,Edge,https://hartman-rodriguez.biz/,http://may.com/,220,149.168.41.105
c6f5d8d3-fc7b-42e3-94ab-fa5ba9a2989c,37,http://english-walters.net/,2024-04-16,01:45:38,Desktop,Firefox,https://rios.com/,https://wilson.net/,354,208.59.113.75
759ef6b1-a0ce-49a8-9c8f-b4634d8272d6,69,https://www.gregory.com/,2024-04-24,16:41:38,Desktop,Chrome,https://www.arnold.net/,https://www.green-beard.com/,267,191.175.22.114
7086a5a9-bef4-455c-873a-1ea264f64bf7,56,https://foster-blackwell.com/,2024-04-21,17:57:24,Desktop,Chrome,https://www.joseph-davies.com/,https://www.swanson-franco.org/,170,197.168.30.86
ff3daa36-b1c6-4eca-8eb7-bb4fb9a768a7,98,https://www.zavala.com/,2024-01-22,00:56:03,Mobile,Safari,http://barnes-lopez.info/,http://www.hamilton-johnson.com/,136,43.202.151.4
0f5060ad-691d-482b-bc37-3bed7cc9113a,57,http://www.carlson.biz/,2024-01-08,01:13:19,Mobile,Firefox,http://jones-saunders.com/,http://www.david-phillips.com/,232,11.61.133.201
c2ef611f-9ea5-41ce-a74a-bcf822323e81,24,http://campbell-mcdonald.info/,2024-01-18,11:33:59,Tablet,Firefox,https://www.rivera-patrick.com/,http://www.scott.net/,427,60.51.82.155
79b31d61-c195-4c26-a669-09c1d626f766,30,https://www.perry.info/,2024-04-06,10:52:58,Mobile,Safari,http://mercado.com/,http://villa.com/,599,63.103.55.38
bc86f436-2d9b-451d-8ad5-24d697ab87f4,98,https://www.tucker-weaver.com/,2024-04-03,16:03:16,Mobile,Edge,https://garcia.info/,http://www.calhoun-reynolds.com/,61,200.128.205.32
9447d411-fbe2-42c8-a863-65b5a120d00f,86,http://www.sandoval.com/,2024-03-13,09:18:38,Desktop,Safari,http://hale.com/,http://www.wilkinson-sullivan.com/,193,119.28.126.11
3e17653e-c7f8-412c-97b7-44f3c4977109,60,https://garcia.com/,2024-05-02,16:39:46,Tablet,Edge,https://smith-booker.com/,https://www.english.com/,46,91.162.236.161
876c38ef-11ae-46b6-bddd-06d3186cb68b,3,https://benton.com/,2024-05-20,09:01:00,Desktop,Edge,https://www.gray.biz/,https://www.alvarez-nguyen.com/,553,128.92.111.53
4b3069a9-6ab2-444b-be82-a5eaaa29e472,11,http://conner-butler.org/,2024-01-13,19:27:34,Tablet,Edge,https://robertson.com/,https://ayala-anderson.org/,395,72.50.145.222
719a7613-f7d1-40e6-af03-c98ca65b1ba0,5,http://www.bass-oliver.biz/,2024-04-23,05:52:04,Mobile,Firefox,https://bullock.biz/,https://green.biz/,533,173.234.221.204
141eab50-21a9-46f1-a249-68a911fd323f,70,http://morgan.org/,2024-06-01,08:03:13,Desktop,Edge,http://www.becker.com/,https://moore-downs.org/,593,168.241.46.62
a007783f-ff0c-4b7c-9320-b5614fd20184,52,https://www.tran.com/,2024-05-28,13:07:18,Desktop,Chrome,https://paul.info/,http://www.miller-nelson.net/,412,171.218.83.231
